ID_MetodoPago,TipoPago,NombreBanco,FechaExpiracion
1,laser,Turner-Muller,2028-07
2,jcb,Balistreri and Sons,2026-05
3,jcb,"Hudson, Spinka and Haag",2026-03
4,jcb,Howell Group,2028-04
5,visa,Lubowitz-Metz,2027-08
6,diners-club-enroute,"Volkman, Buckridge and Collier",2025-12
7,jcb,"Wilkinson, Rutherford and Buckridge",2027-04
8,maestro,Klein Inc,2025-11
9,mastercard,Koch-Denesik,2027-10
10,maestro,"Paucek, Bruen and Batz",2026-03
11,diners-club-enroute,Purdy and Sons,2026-07
12,jcb,Hettinger Group,2028-01
13,jcb,"Predovic, Cronin and Armstrong",2027-04
14,bankcard,"Ryan, Wisozk and Walter",2025-11
15,jcb,Wintheiser-Ankunding,2026-02
16,jcb,Bode Group,2028-05
17,visa-electron,Hintz-Ferry,2026-11
18,americanexpress,Stracke-Kunde,2026-06
19,jcb,McLaughlin LLC,2028-04
20,instapayment,"Cormier, Haag and Goyette",2026-02
21,jcb,"Nitzsche, Becker and Cruickshank",2027-07
22,instapayment,"Wyman, Price and Sanford",2027-09
23,americanexpress,Nolan Group,2027-11
24,jcb,Wolf LLC,2028-07
25,jcb,"Cremin, D'Amore and Gerhold",2028-10
26,maestro,"Gerlach, Abernathy and Osinski",2026-09
27,visa-electron,"Nader, Nolan and Feeney",2028-08
28,switch,Rippin-Grant,2026-11
29,jcb,Strosin Group,2025-12
30,jcb,Schultz LLC,2027-07
31,diners-club-us-ca,"Hyatt, Stark and Bosco",2026-08
32,bankcard,Schinner Inc,2028-03
33,jcb,Ritchie-Waters,2025-12
34,jcb,"Powlowski, Lakin and Ullrich",2026-02
35,mastercard,"Keebler, Williamson and Funk",2027-11
36,mastercard,"Stamm, Kutch and Volkman",2028-08
37,jcb,"Lind, Kling and Turcotte",2026-08
38,mastercard,"Cummerata, O'Connell and Moore",2026-02
39,mastercard,Greenfelder-Barrows,2027-07
40,bankcard,Barrows-Towne,2025-12
41,switch,Williamson-Bernier,2026-05
42,visa,"O'Reilly, Reichert and Christiansen",2027-10
43,switch,Moore Inc,2027-03
44,mastercard,"Lynch, Bednar and Cole",2025-11
45,mastercard,"Will, Macejkovic and Heidenreich",2027-12
46,instapayment,Prohaska-Mueller,2026-07
47,jcb,"Cartwright, Bradtke and Crooks",2026-05
48,switch,Hansen-Buckridge,2028-04
49,jcb,Ritchie LLC,2027-11
50,jcb,"DuBuque, Morar and Cronin",2026-03
51,jcb,Streich-Skiles,2025-12
52,visa-electron,"Kris, Gleichner and Ratke",2026-06
53,laser,Fisher-Rogahn,2025-11
54,americanexpress,Torp-Bartell,2028-01
55,maestro,Schaefer-Pacocha,2025-12
56,visa-electron,"Mraz, Hirthe and Orn",2026-03
57,mastercard,Adams-Farrell,2028-08
58,instapayment,"Goldner, Gutkowski and Casper",2026-09
59,jcb,Wyman Group,2026-05
60,americanexpress,Feil and Sons,2026-12
61,jcb,"Dibbert, Lindgren and Marks",2027-05
62,visa-electron,Bergnaum-Steuber,2028-09
63,maestro,"Rippin, Gusikowski and Reichert",2025-10
64,jcb,Dickinson-Bailey,2025-11
65,switch,Bradtke Inc,2026-05
66,jcb,Sanford Group,2028-03
67,diners-club-enroute,Tillman-Graham,2027-04
68,jcb,Gleason-Walker,2028-02
69,diners-club-us-ca,Bartell and Sons,2028-04
70,switch,Terry-Bosco,2026-04
71,americanexpress,"Cartwright, Aufderhar and Von",2027-09
72,jcb,Schuster Group,2026-09
73,jcb,Morissette and Sons,2027-08
74,mastercard,"Rath, McCullough and Wehner",2027-03
75,jcb,Lehner-Lubowitz,2027-03
76,jcb,"Turner, Schmeler and Stracke",2028-08
77,jcb,"Blick, Beer and Stracke",2026-11
78,visa,Walter LLC,2026-04
79,jcb,Hackett-King,2026-08
80,diners-club-enroute,Pfeffer-Heidenreich,2027-02
81,switch,"Grimes, MacGyver and Jaskolski",2026-03
82,instapayment,Okuneva Inc,2025-12
83,mastercard,Daniel Group,2026-03
84,visa,"Reichel, Dooley and Bergstrom",2026-02
85,china-unionpay,Ryan-Boyle,2026-05
86,americanexpress,Collins-Vandervort,2026-10
87,jcb,Berge Group,2028-02
88,jcb,Greenfelder and Sons,2027-11
89,jcb,Brakus-Gleichner,2027-11
90,china-unionpay,Williamson-Gusikowski,2026-01
91,diners-club-enroute,Kovacek-West,2026-02
92,diners-club-carte-blanche,"Torp, Balistreri and Emmerich",2028-05
93,maestro,Stroman-Rempel,2026-08
94,jcb,"Steuber, Schultz and Cartwright",2026-09
95,americanexpress,"Nader, Frami and Davis",2026-09
96,maestro,Quitzon-Bashirian,2026-08
97,maestro,Reichert-Beer,2026-08
98,jcb,Rutherford and Sons,2028-01
99,diners-club-enroute,"Funk, Beatty and Bogan",2026-09
100,mastercard,"Barton, Hagenes and Hudson",2026-04
101,americanexpress,Skiles-Kautzer,2028-05
102,china-unionpay,Little Group,2026-02
103,china-unionpay,Shields-Volkman,2027-08
104,diners-club-carte-blanche,"Hackett, Beier and Gerhold",2026-09
105,jcb,Heidenreich-Hegmann,2026-11
106,jcb,O'Reilly-DuBuque,2027-11
107,jcb,Steuber-Ullrich,2028-08
108,jcb,"Walsh, Gleichner and Roberts",2025-12
109,jcb,Gusikowski-Feeney,2028-05
110,jcb,Tromp-Fadel,2026-11
111,diners-club-enroute,"Anderson, Weimann and Brakus",2026-08
112,switch,"Schowalter, Kihn and Thiel",2028-07
113,bankcard,Mueller-Kunde,2026-01
114,switch,Baumbach-Kerluke,2027-07
115,jcb,Kessler and Sons,2028-02
116,jcb,Baumbach and Sons,2027-06
117,jcb,Johnston-Reynolds,2027-06
118,jcb,Macejkovic-McCullough,2028-05
119,jcb,Luettgen Group,2027-10
120,diners-club-enroute,Ziemann and Sons,2025-10
121,instapayment,"Hessel, Prosacco and Dooley",2027-12
122,visa,Kovacek and Sons,2026-08
123,switch,Fahey LLC,2028-02
124,jcb,"Zemlak, Cummerata and Becker",2026-12
125,jcb,Harber LLC,2028-05
126,maestro,"Olson, Stokes and Franecki",2027-04
127,diners-club-carte-blanche,Ritchie-Jones,2026-08
128,jcb,"Kuvalis, Konopelski and Reynolds",2027-05
129,jcb,"Wiegand, Cole and Hoppe",2027-02
130,jcb,"Bins, Funk and Nienow",2027-02
131,jcb,"Jast, Stracke and Will",2028-04
132,diners-club-carte-blanche,Hills-Nolan,2028-02
133,visa,Adams-Satterfield,2026-03
134,jcb,"Ward, Torphy and Konopelski",2027-01
135,maestro,Becker-Feeney,2026-01
136,diners-club-carte-blanche,Rolfson-Bahringer,2026-09
137,jcb,Hamill Group,2027-04
138,bankcard,"Graham, Hilpert and Brakus",2026-08
139,china-unionpay,Schmidt-Bode,2027-02
140,jcb,Pfannerstill and Sons,2028-02
141,switch,Cartwright-Emmerich,2026-12
142,jcb,"Wiegand, Bergstrom and Weissnat",2026-08
143,visa-electron,Nitzsche-Kulas,2028-01
144,visa,"Reinger, Okuneva and Dibbert",2025-11
145,instapayment,Bailey-Veum,2026-06
146,visa-electron,Wyman-Bashirian,2026-07
147,jcb,Cronin LLC,2028-08
148,laser,"Emard, Kessler and Schoen",2028-05
149,china-unionpay,"McCullough, Rowe and Brakus",2027-12
150,visa,"Connelly, Langosh and Robel",2027-06
151,bankcard,Leannon LLC,2028-05
152,jcb,Herman-Quigley,2026-12
153,americanexpress,Armstrong-Buckridge,2028-07
154,jcb,"Huel, Wisozk and Baumbach",2027-02
155,jcb,"Romaguera, Bernier and Collier",2027-11
156,jcb,Streich LLC,2026-06
157,jcb,Larkin-Brekke,2028-07
158,jcb,Keeling-Jones,2027-04
159,jcb,Leannon-Keebler,2028-06
160,jcb,Ledner-Douglas,2025-11
161,visa,"Gutkowski, Kozey and Franecki",2026-07
162,diners-club-enroute,Reilly LLC,2027-12
163,jcb,Hane Inc,2027-06
164,jcb,"Waelchi, Lehner and Donnelly",2028-07
165,china-unionpay,Williamson-Kerluke,2027-09
166,jcb,Schoen LLC,2027-09
167,jcb,Yost-Swift,2028-08
168,diners-club-enroute,"Kilback, Beatty and Sanford",2027-02
169,mastercard,Cruickshank-Lueilwitz,2026-02
170,jcb,Abshire Inc,2026-12
171,bankcard,Willms LLC,2026-12
172,maestro,Sipes LLC,2026-12
173,jcb,Gulgowski-Reynolds,2026-09
174,maestro,"Douglas, Botsford and King",2027-07
175,switch,Rogahn Group,2026-09
176,maestro,"Kertzmann, Runolfsdottir and Osinski",2026-08
177,bankcard,Feeney LLC,2025-10
178,bankcard,Bailey-Kertzmann,2026-10
179,jcb,Ruecker-Purdy,2028-03
180,china-unionpay,Streich Inc,2027-12
181,jcb,"Rau, Bernhard and Tremblay",2026-10
182,maestro,Lakin LLC,2028-09
183,visa,"Hills, McClure and King",2028-04
184,jcb,Sauer-Hintz,2025-12
185,jcb,Casper-Christiansen,2026-01
186,maestro,"Rice, Rice and Bayer",2028-04
187,mastercard,Quigley-Lind,2026-10
188,mastercard,Schmidt-Mills,2025-10
189,switch,Ratke LLC,2026-06
190,maestro,"Kertzmann, Conroy and Homenick",2026-06
191,mastercard,Kunde and Sons,2027-10
192,diners-club-carte-blanche,Luettgen Group,2028-07
193,diners-club-enroute,O'Connell and Sons,2026-11
194,solo,Brown-Beahan,2026-06
195,jcb,Little LLC,2027-03
196,jcb,Schamberger-Weber,2027-01
197,china-unionpay,"Kshlerin, Lesch and Lang",2026-07
198,jcb,Larkin-Davis,2028-04
199,americanexpress,"Rodriguez, Thompson and Shanahan",2028-05
200,jcb,Welch-Greenfelder,2027-10
201,jcb,Corwin-Stroman,2027-08
202,china-unionpay,O'Hara Inc,2026-09
203,jcb,Lesch LLC,2027-11
204,jcb,Tremblay-Champlin,2026-06
205,visa-electron,"Rowe, Koch and Bechtelar",2028-04
206,jcb,"Bechtelar, Powlowski and Schulist",2026-04
207,jcb,"Donnelly, Smith and Goodwin",2028-01
208,jcb,"Howe, Hahn and McCullough",2026-10
209,diners-club-carte-blanche,O'Hara Inc,2027-04
210,diners-club-carte-blanche,Reinger LLC,2028-03
211,jcb,Collins-Toy,2027-10
212,jcb,Toy Group,2028-07
213,instapayment,Macejkovic Inc,2026-08
214,diners-club-carte-blanche,Pacocha Group,2027-07
215,jcb,Smitham LLC,2028-06
216,jcb,Moen and Sons,2026-04
217,visa,Olson Group,2028-03
218,jcb,"Pagac, Bergnaum and Powlowski",2027-11
219,solo,"Predovic, Blanda and Mraz",2028-02
220,maestro,"Quitzon, Hudson and Kutch",2027-03
221,visa,"VonRueden, O'Conner and Ruecker",2027-10
222,jcb,Nader Inc,2027-07
223,maestro,Bins and Sons,2026-05
224,visa-electron,Christiansen and Sons,2026-07
225,china-unionpay,"Streich, Schowalter and Bednar",2027-06
226,switch,Baumbach Group,2026-03
227,jcb,Block-Krajcik,2027-10
228,americanexpress,Cartwright-Larkin,2028-07
229,jcb,"Watsica, King and Walsh",2026-07
230,jcb,Cruickshank Inc,2027-02
231,jcb,Gerhold-Bruen,2028-08
232,jcb,Lindgren and Sons,2028-09
233,jcb,"Hackett, Mante and Gottlieb",2028-07
234,laser,Mohr-Jaskolski,2027-01
235,instapayment,Toy LLC,2027-10
236,visa,Moore-Harris,2027-05
237,diners-club-international,"Ward, Torphy and Anderson",2026-03
238,visa-electron,"Hamill, Sporer and Lemke",2028-06
239,china-unionpay,"Emard, Flatley and Haag",2026-10
240,switch,"Cole, Moen and Toy",2026-11
241,jcb,"Schulist, Crona and O'Reilly",2027-07
242,maestro,Lind Group,2028-02
243,jcb,Wilderman LLC,2027-02
244,mastercard,Bins and Sons,2027-02
245,laser,Bins LLC,2026-10
246,bankcard,Gusikowski and Sons,2028-04
247,instapayment,Crona-Ziemann,2028-10
248,americanexpress,"White, Shanahan and Lubowitz",2026-06
249,diners-club-enroute,Bauch-Balistreri,2027-08
250,jcb,"Adams, Olson and Waelchi",2026-02
251,jcb,"Kemmer, Gottlieb and Weissnat",2028-05
252,maestro,Bayer Inc,2028-04
253,jcb,Willms-Price,2028-02
254,visa,Lueilwitz LLC,2027-05
255,switch,Feest LLC,2027-03
256,laser,Block-Gislason,2026-12
257,bankcard,Cremin-Feeney,2027-08
258,mastercard,"Cartwright, Dare and Stracke",2026-08
259,china-unionpay,Mueller and Sons,2027-11
260,jcb,Bergstrom-Hayes,2027-09
261,jcb,"Lind, Muller and Nader",2028-06
262,jcb,"Bins, Bruen and Schroeder",2025-12
263,mastercard,Ankunding Inc,2028-07
264,jcb,"Volkman, Ortiz and Ritchie",2027-12
265,jcb,Paucek and Sons,2026-10
266,jcb,Goyette-McDermott,2028-09
267,solo,Hackett-Rath,2027-06
268,laser,Jenkins-Lindgren,2025-11
269,americanexpress,"Tillman, Altenwerth and Dickens",2026-02
270,jcb,Bergnaum Group,2028-01
271,china-unionpay,Tillman Group,2027-02
272,jcb,"Langosh, Hoeger and Nolan",2028-10
273,maestro,Schulist LLC,2028-02
274,jcb,Volkman-Swift,2027-06
275,maestro,"Leffler, Rice and Greenholt",2027-04
276,diners-club-enroute,Welch Group,2026-06
277,china-unionpay,Sawayn-Turcotte,2028-07
278,jcb,Gleason-Nolan,2026-01
279,diners-club-carte-blanche,Thiel LLC,2026-12
280,maestro,Stokes-Schroeder,2028-03
281,china-unionpay,"Hettinger, Waelchi and Lockman",2028-08
282,jcb,"Lehner, Fadel and Barton",2026-09
283,americanexpress,"Rogahn, Lang and Rowe",2026-10
284,switch,Hagenes LLC,2028-04
285,americanexpress,Hirthe-Bogisich,2027-08
286,jcb,Simonis-Lang,2027-01
287,diners-club-us-ca,Morissette Group,2026-11
288,americanexpress,Tromp-Jacobi,2028-01
289,maestro,"Farrell, Watsica and Turner",2028-01
290,switch,Labadie and Sons,2026-06
291,diners-club-us-ca,Kuhn-Williamson,2026-11
292,laser,"O'Hara, Grimes and Kling",2025-10
293,jcb,Gutkowski and Sons,2028-03
294,mastercard,Denesik-Hackett,2027-12
295,jcb,Metz Inc,2027-10
296,jcb,"Ratke, Hyatt and Homenick",2028-05
297,visa-electron,Jakubowski Inc,2026-11
298,switch,Torp-Schmidt,2025-11
299,diners-club-enroute,Ritchie LLC,2027-08
300,jcb,Huels-Herman,2026-02
301,visa-electron,"Haley, Abbott and Hartmann",2027-01
302,jcb,Dickinson Inc,2026-09
303,jcb,"Watsica, Weissnat and Kuhn",2027-08
304,jcb,Quitzon-Marvin,2027-06
305,jcb,"Raynor, Haag and Pagac",2026-09
306,mastercard,"Rau, Rau and Purdy",2027-04
307,maestro,"Heaney, Ortiz and Moore",2027-08
308,americanexpress,Huels Inc,2028-03
309,jcb,Bednar-Harris,2026-05
310,maestro,Huel and Sons,2026-05
311,jcb,"Tromp, Hessel and Thompson",2026-04
312,diners-club-enroute,Grady-Schmidt,2026-03
313,jcb,Stroman and Sons,2027-12
314,visa-electron,Blanda Inc,2027-11
315,diners-club-us-ca,Schamberger-Bruen,2027-10
316,jcb,Streich-Swift,2025-11
317,switch,Rippin LLC,2028-09
318,jcb,Ebert-Bode,2026-03
319,jcb,Turcotte and Sons,2027-05
320,mastercard,"Nader, Price and Veum",2027-07
321,jcb,"Balistreri, Kuhic and Ullrich",2026-10
322,jcb,Paucek-Nitzsche,2027-10
323,china-unionpay,Fay LLC,2027-07
324,jcb,"Metz, Gibson and Little",2028-08
325,visa-electron,Quigley-Halvorson,2027-10
326,diners-club-international,Glover and Sons,2026-01
327,americanexpress,Steuber-Hilpert,2027-12
328,jcb,"Pfeffer, Howe and Hahn",2026-03
329,jcb,Larson-Bartoletti,2027-07
330,visa,Altenwerth-Franecki,2025-10
331,diners-club-international,Herman-Quigley,2027-01
332,jcb,Graham and Sons,2028-03
333,china-unionpay,"Treutel, Nicolas and Wiegand",2027-08
334,diners-club-carte-blanche,"Grady, Willms and O'Hara",2028-05
335,americanexpress,Johns LLC,2028-08
336,diners-club-enroute,Effertz and Sons,2026-08
337,jcb,Halvorson-Rippin,2026-06
338,laser,"Funk, Veum and Kilback",2026-07
339,instapayment,"Hagenes, Fahey and Denesik",2026-05
340,mastercard,Friesen and Sons,2026-06
341,mastercard,Quigley-Veum,2027-04
342,visa-electron,Hills Group,2026-06
343,china-unionpay,Jakubowski Inc,2026-09
344,mastercard,Feeney-Ziemann,2026-10
345,jcb,"Heller, Schuppe and Nicolas",2027-05
346,jcb,Kuvalis-Erdman,2025-10
347,jcb,Hills Inc,2026-05
348,jcb,Littel-Schimmel,2028-04
349,switch,"Balistreri, Krajcik and Swaniawski",2027-02
350,maestro,Bosco Inc,2027-03
351,visa,Reichert-Dickens,2026-05
352,jcb,"Bednar, Gutkowski and Haley",2025-12
353,jcb,"Dicki, Stracke and Yost",2028-01
354,laser,"Reynolds, Marquardt and Feil",2028-07
355,instapayment,Witting-Pouros,2026-10
356,laser,Schroeder and Sons,2026-12
357,jcb,Marquardt-Rath,2026-08
358,switch,Feest-Macejkovic,2028-04
359,jcb,Rosenbaum Inc,2027-06
360,diners-club-us-ca,"Moen, Feeney and Koepp",2028-07
361,instapayment,Skiles-Mills,2026-02
362,jcb,Wilkinson LLC,2027-07
363,jcb,"Wyman, Ward and Hyatt",2025-12
364,mastercard,Hammes Group,2025-10
365,mastercard,"Donnelly, Runte and Runte",2027-04
366,china-unionpay,Terry Group,2027-06
367,jcb,"Veum, Mills and Bartoletti",2028-04
368,mastercard,Ferry Group,2027-01
369,mastercard,"Spencer, Gutkowski and Gutkowski",2026-05
370,maestro,Gleichner Group,2025-11
371,mastercard,Moore Inc,2027-08
372,bankcard,Schumm-Bruen,2025-10
373,jcb,Homenick Group,2027-06
374,jcb,Harvey LLC,2028-08
375,mastercard,Murray LLC,2026-08
376,jcb,Smitham-Blanda,2027-10
377,jcb,"Stracke, Bechtelar and Weissnat",2027-12
378,bankcard,Baumbach-Schiller,2026-02
379,mastercard,Renner Inc,2027-06
380,jcb,Monahan and Sons,2027-11
381,jcb,Goldner and Sons,2028-02
382,mastercard,"Murray, Senger and Casper",2028-09
383,visa-electron,Rogahn and Sons,2026-02
384,jcb,Schmitt Group,2026-04
385,diners-club-carte-blanche,Pacocha-Krajcik,2026-10
386,visa-electron,Emard-Kertzmann,2028-05
387,diners-club-enroute,Koelpin LLC,2025-12
388,jcb,Hayes-Boyer,2026-08
389,jcb,Schmitt-Abshire,2027-12
390,jcb,"Russel, Moore and White",2026-05
391,instapayment,Carter-West,2026-06
392,jcb,"Cormier, Barrows and Crooks",2026-06
393,instapayment,"Wolff, Haag and Mraz",2027-12
394,solo,"Tremblay, Grimes and Kuphal",2026-05
395,jcb,Stanton LLC,2027-07
396,diners-club-enroute,Wiza-Collins,2028-06
397,diners-club-us-ca,Kiehn LLC,2026-10
398,laser,Bogan Group,2025-11
399,jcb,Wehner-Durgan,2026-04
400,jcb,Emmerich-Boehm,2027-06
401,bankcard,"Gerlach, Waters and Hackett",2027-01
402,jcb,"Pouros, Hettinger and Kreiger",2028-01
403,diners-club-international,"Batz, Quitzon and Roberts",2027-11
404,china-unionpay,"Wehner, Halvorson and Raynor",2027-12
405,jcb,Rowe-Brakus,2027-02
406,mastercard,Lesch-Farrell,2028-05
407,jcb,"Rogahn, Fadel and Runte",2028-08
408,jcb,"Dickens, Homenick and Willms",2027-10
409,jcb,"Crona, Veum and Quitzon",2025-11
410,switch,"Schmitt, Ward and Doyle",2027-07
411,visa-electron,Rolfson Inc,2027-11
412,jcb,Ratke-Runolfsson,2026-08
413,visa-electron,Dibbert Inc,2028-02
414,visa-electron,"Bradtke, Wehner and Kutch",2028-09
415,switch,"Shields, Batz and Hoppe",2028-08
416,diners-club-international,Rau-Schuster,2026-05
417,jcb,"Romaguera, Feest and Funk",2028-09
418,maestro,"Flatley, Bergstrom and Paucek",2028-10
419,china-unionpay,Hintz-King,2027-05
420,maestro,Torphy-Champlin,2028-04
421,jcb,Sporer Inc,2028-08
422,mastercard,Zulauf-Kub,2027-09
423,jcb,Reichel-Kirlin,2027-10
424,americanexpress,McDermott Inc,2027-02
425,jcb,"Fay, Bogisich and West",2026-03
426,maestro,Schaden-Collier,2028-07
427,visa,"Ondricka, Weimann and Schuppe",2027-01
428,visa,"Cummerata, Brown and Ziemann",2026-05
429,bankcard,"Koch, Mitchell and Robel",2028-09
430,jcb,Hickle Inc,2026-06
431,mastercard,"Pouros, Ratke and Metz",2026-11
432,jcb,King LLC,2027-06
433,maestro,"Sauer, Mante and Franecki",2028-04
434,mastercard,Zulauf Inc,2028-08
435,mastercard,"Tillman, Douglas and Hane",2028-06
436,jcb,"Lemke, Corkery and Murray",2026-08
437,bankcard,Braun-Crooks,2026-11
438,maestro,Sauer Inc,2026-07
439,china-unionpay,"Rolfson, Rolfson and Kerluke",2026-02
440,diners-club-enroute,Kuhn-Koepp,2028-04
441,jcb,Rolfson Inc,2026-04
442,switch,Larkin LLC,2027-01
443,laser,Spinka LLC,2027-01
444,diners-club-us-ca,Kunze-Hermiston,2026-07
445,visa-electron,Ebert-Shanahan,2026-11
446,jcb,Marquardt-Orn,2025-10
447,china-unionpay,Beatty Group,2028-06
448,switch,"Aufderhar, Schroeder and Blanda",2028-05
449,visa-electron,"Hayes, Borer and Gerlach",2028-03
450,mastercard,"Williamson, Lueilwitz and Buckridge",2028-07
451,jcb,Zemlak-D'Amore,2027-08
452,diners-club-international,"Leffler, Shields and Von",2027-09
453,mastercard,Murphy Group,2028-04
454,visa,Johnston Inc,2026-09
455,maestro,Lind-Boyle,2025-10
456,jcb,Smith-Reynolds,2027-08
457,mastercard,"Leffler, Cormier and Hoeger",2026-07
458,diners-club-enroute,McLaughlin LLC,2028-09
459,jcb,"Russel, Toy and Dooley",2026-05
460,visa,"Windler, Hammes and Towne",2027-06
461,visa-electron,Gislason and Sons,2028-07
462,americanexpress,Williamson-Denesik,2027-12
463,jcb,"Zieme, Lockman and Tromp",2025-11
464,instapayment,Abernathy and Sons,2028-07
465,china-unionpay,Rath Group,2028-06
466,visa-electron,Bednar Group,2027-02
467,jcb,Lockman-Huels,2025-10
468,jcb,Erdman-Purdy,2026-11
469,maestro,Hahn-Doyle,2028-05
470,jcb,"Gulgowski, Barton and Harvey",2028-06
471,jcb,"Nolan, Weimann and Klein",2026-10
472,jcb,Willms-Erdman,2027-08
473,mastercard,"Bartell, Walker and D'Amore",2025-12
474,jcb,"Pollich, Corwin and O'Kon",2026-11
475,jcb,Rutherford LLC,2027-03
476,visa,Reichel and Sons,2028-03
477,jcb,"Williamson, Batz and King",2026-09
478,maestro,Greenfelder-Bernhard,2026-12
479,switch,Wisozk LLC,2026-08
480,jcb,"Marvin, Cronin and Witting",2028-01
481,jcb,Murazik Inc,2026-02
482,china-unionpay,"Lebsack, Hirthe and Fadel",2027-03
483,diners-club-enroute,"Toy, Conn and Bernhard",2028-08
484,jcb,Johnston-Beer,2028-09
485,china-unionpay,Schinner and Sons,2027-06
486,diners-club-international,"Crona, Wiza and Predovic",2028-09
487,jcb,Marvin-Hoeger,2027-11
488,mastercard,Bode-Ernser,2027-01
489,visa-electron,Goyette Group,2026-09
490,china-unionpay,Nader Inc,2026-10
491,jcb,"Hagenes, Weimann and Hirthe",2028-08
492,switch,Hegmann LLC,2027-05
493,americanexpress,"Abshire, Zieme and Welch",2026-03
494,switch,Pagac Group,2026-02
495,china-unionpay,Jacobi-O'Kon,2027-01
496,jcb,Smith Inc,2027-05
497,switch,Schuster Group,2027-02
498,mastercard,Hartmann-Emmerich,2028-01
499,jcb,"Hettinger, Lesch and Brakus",2026-04
500,maestro,Baumbach LLC,2027-05
501,jcb,"Hintz, Aufderhar and Cremin",2028-01
502,mastercard,Johnson-Gottlieb,2028-08
503,instapayment,Steuber-O'Connell,2028-10
504,maestro,"Blanda, Brekke and Kuvalis",2028-03
505,switch,"Weber, Pouros and Murphy",2026-03
506,jcb,Goldner LLC,2025-11
507,jcb,"Medhurst, Marks and Schulist",2026-09
508,visa-electron,Kulas-Rempel,2028-06
509,china-unionpay,Kozey-Mueller,2026-08
510,bankcard,"Wunsch, McLaughlin and Marks",2027-07
511,jcb,Lynch-Murray,2027-02
512,solo,Stehr-Nikolaus,2027-06
513,americanexpress,Cummings-Upton,2028-01
514,jcb,"Keebler, Gorczany and Kassulke",2027-05
515,jcb,Harris-Adams,2026-08
516,maestro,Padberg-Nikolaus,2028-04
517,diners-club-us-ca,Vandervort LLC,2027-04
518,diners-club-enroute,Stroman-Stehr,2027-07
519,jcb,"Bailey, Steuber and Kuhlman",2025-12
520,jcb,Hessel Group,2028-04
521,china-unionpay,Beier Group,2027-09
522,diners-club-carte-blanche,"Jenkins, Bednar and Romaguera",2028-03
523,jcb,Erdman and Sons,2027-10
524,jcb,Robel-Koelpin,2026-06
525,laser,"Leannon, Hudson and Raynor",2028-03
526,americanexpress,Rohan Inc,2028-02
527,bankcard,Hintz and Sons,2026-02
528,diners-club-carte-blanche,"Morissette, Gulgowski and Heaney",2027-12
529,switch,"Hoeger, Cummings and Ankunding",2028-05
530,bankcard,Streich and Sons,2028-06
531,maestro,"Towne, Thiel and Rath",2027-10
532,laser,Kertzmann and Sons,2028-01
533,jcb,Reinger-Krajcik,2025-12
534,americanexpress,Hills and Sons,2027-12
535,laser,Kerluke-Bergnaum,2027-03
536,mastercard,"Wintheiser, Harvey and Ernser",2028-10
537,maestro,"Renner, Christiansen and Johnson",2027-06
538,switch,White LLC,2026-10
539,maestro,"Cummerata, DuBuque and Dare",2027-01
540,visa,Hilpert Group,2027-05
541,jcb,Hettinger-Rempel,2025-12
542,visa-electron,Cremin-Murphy,2027-12
543,mastercard,"Kautzer, Breitenberg and Murray",2027-04
544,visa,"Farrell, Nikolaus and Kertzmann",2026-02
545,instapayment,"Bins, Beatty and Maggio",2026-11
546,jcb,Wyman and Sons,2027-09
547,switch,"Halvorson, Ward and McLaughlin",2026-09
548,jcb,Klein LLC,2027-06
549,maestro,Sanford LLC,2028-04
550,jcb,Rolfson LLC,2028-06
551,jcb,"Kertzmann, Fay and Mills",2028-05
552,jcb,McLaughlin-Abbott,2025-11
553,mastercard,"Ryan, Wiza and Powlowski",2026-08
554,jcb,Friesen-Bednar,2026-04
555,switch,Waters-Weissnat,2028-01
556,jcb,"Johnston, Klocko and Bosco",2025-11
557,jcb,"Ledner, Hoeger and Glover",2027-08
558,diners-club-enroute,Anderson-Turcotte,2026-09
559,jcb,"Hansen, Lesch and Gerlach",2026-10
560,jcb,Muller LLC,2027-11
561,mastercard,Quitzon and Sons,2025-12
562,jcb,Denesik and Sons,2026-05
563,mastercard,"Cronin, Turner and O'Hara",2027-07
564,mastercard,"Bosco, McLaughlin and Mills",2026-09
565,diners-club-carte-blanche,"Bailey, Lockman and Fadel",2028-02
566,americanexpress,Pfannerstill LLC,2027-07
567,jcb,"Vandervort, Ward and Spinka",2027-05
568,mastercard,Bahringer-Jerde,2027-09
569,diners-club-carte-blanche,"Gottlieb, Metz and Kshlerin",2027-08
570,visa,Stiedemann Group,2026-06
571,instapayment,Streich-Spinka,2028-05
572,bankcard,Hoeger-Mitchell,2026-09
573,diners-club-enroute,Sawayn-Prohaska,2027-12
574,maestro,"VonRueden, Quigley and Hand",2028-02
575,jcb,"Ruecker, Braun and Padberg",2025-12
576,switch,Borer Inc,2026-04
577,diners-club-enroute,Larkin-Ledner,2028-04
578,maestro,O'Connell-Walker,2027-02
579,jcb,"Nienow, Abbott and Ullrich",2026-06
580,china-unionpay,Hahn-Zemlak,2027-10
581,visa,Conroy LLC,2027-08
582,solo,Zboncak-Hahn,2028-02
583,diners-club-carte-blanche,Brakus Inc,2028-01
584,bankcard,"Murphy, Abbott and Rath",2028-09
585,instapayment,"Swaniawski, Hodkiewicz and Koepp",2028-06
586,americanexpress,Dach Inc,2026-12
587,visa-electron,Grant Inc,2025-12
588,mastercard,"Bayer, Crooks and Stanton",2028-09
589,jcb,Koch-Trantow,2026-10
590,diners-club-carte-blanche,Miller-Hahn,2026-07
591,maestro,Doyle Group,2027-01
592,jcb,Stark-Tromp,2026-07
593,jcb,Harber Group,2026-11
594,instapayment,"Koch, Dooley and O'Keefe",2028-04
595,jcb,"Denesik, Yundt and Johnston",2025-11
596,jcb,"Herman, O'Keefe and Mante",2027-03
597,diners-club-carte-blanche,Johnston Inc,2026-03
598,jcb,"Volkman, Towne and Oberbrunner",2026-06
599,jcb,Berge Group,2028-08
600,jcb,Adams LLC,2027-06
601,switch,"Wehner, Haag and Stanton",2027-05
602,diners-club-enroute,Olson-Durgan,2026-06
603,visa-electron,Reinger-Senger,2027-10
604,maestro,Parisian-Fisher,2028-09
605,americanexpress,"Bosco, Erdman and Gerlach",2026-05
606,americanexpress,Sipes and Sons,2026-10
607,americanexpress,"Hane, Mohr and Runte",2027-09
608,visa,Labadie-Kuhlman,2027-05
609,jcb,"Olson, Stroman and Hackett",2027-06
610,diners-club-carte-blanche,"Hauck, Bogisich and Nicolas",2027-12
611,jcb,Turner-Cummings,2028-03
612,jcb,Stark-Abernathy,2027-02
613,jcb,Mitchell-Wiegand,2027-09
614,jcb,Reichel-Cronin,2025-12
615,maestro,"Beatty, Murphy and Leuschke",2028-03
616,china-unionpay,"Volkman, Hudson and Russel",2027-12
617,diners-club-carte-blanche,"Senger, Ullrich and Corwin",2026-06
618,mastercard,Kris Group,2027-03
619,visa-electron,Frami and Sons,2026-11
620,visa-electron,Gusikowski Group,2026-06
621,diners-club-international,Rohan and Sons,2026-04
622,jcb,Dickens-Cole,2028-01
623,jcb,Boyle LLC,2026-07
624,jcb,"Zieme, Von and Carroll",2027-11
625,jcb,"Blick, Schoen and Swaniawski",2026-12
626,diners-club-carte-blanche,Stark Inc,2025-12
627,jcb,Little-Walker,2025-11
628,switch,"Schaden, Conn and Gibson",2027-09
629,jcb,"Krajcik, Hoeger and Reinger",2026-02
630,jcb,"Thompson, Parker and Olson",2028-05
631,maestro,Hoeger Inc,2028-09
632,mastercard,DuBuque-Herman,2028-06
633,diners-club-carte-blanche,Lynch Inc,2028-06
634,switch,"Towne, Funk and Jaskolski",2027-05
635,americanexpress,Bailey Inc,2025-10
636,jcb,Hoeger LLC,2026-11
637,jcb,Jerde-Lowe,2026-04
638,jcb,"Turner, Schowalter and Daniel",2026-10
639,diners-club-carte-blanche,Conroy-Bernier,2027-06
640,visa,Hand and Sons,2028-06
641,jcb,"Braun, Stanton and Roberts",2025-11
642,jcb,Funk-Leuschke,2027-07
643,bankcard,Bins LLC,2026-01
644,jcb,Jakubowski-Kemmer,2026-12
645,jcb,Upton-Murphy,2026-05
646,china-unionpay,Jerde Group,2027-09
647,mastercard,"Jacobson, Swift and Mitchell",2026-07
648,jcb,Becker-Berge,2027-02
649,visa-electron,Schamberger Inc,2026-06
650,laser,Klocko-Stehr,2028-05
651,jcb,"Dicki, Mosciski and Zemlak",2026-12
652,jcb,Donnelly-Koepp,2026-06
653,jcb,Buckridge-Schoen,2028-01
654,switch,"Zulauf, O'Hara and Moore",2028-08
655,jcb,Okuneva-Smitham,2028-02
656,china-unionpay,Hagenes Inc,2027-01
657,visa-electron,"Hettinger, Ullrich and Rau",2025-11
658,china-unionpay,"Bosco, Witting and Koepp",2028-05
659,jcb,"McKenzie, Smitham and Schuppe",2028-09
660,mastercard,"Berge, Wisozk and Mills",2028-04
661,visa-electron,Hahn Group,2028-04
662,diners-club-enroute,"Hodkiewicz, Leffler and Jakubowski",2028-03
663,diners-club-carte-blanche,"Parker, Ritchie and Yost",2027-07
664,americanexpress,Conn and Sons,2026-12
665,bankcard,"Altenwerth, Hills and Wilderman",2027-05
666,diners-club-carte-blanche,Waelchi-Abernathy,2026-03
667,bankcard,"Beier, Schultz and Fadel",2026-05
668,diners-club-carte-blanche,"Bahringer, Hickle and Pfeffer",2026-09
669,jcb,Tromp Group,2025-10
670,americanexpress,Fadel-Kerluke,2026-06
671,jcb,Fritsch-Macejkovic,2026-04
672,jcb,Osinski-Cormier,2026-07
673,bankcard,Kohler LLC,2028-02
674,diners-club-carte-blanche,"Gulgowski, Flatley and Kuvalis",2027-05
675,mastercard,Mertz Inc,2028-01
676,laser,"Harvey, Hilpert and Feil",2028-03
677,instapayment,Rippin Group,2027-03
678,jcb,Kris-Murray,2026-06
679,jcb,"Schmitt, Volkman and Witting",2025-10
680,instapayment,"Ruecker, Mills and Pfeffer",2026-10
681,maestro,Gutkowski-Prosacco,2026-02
682,maestro,Swaniawski and Sons,2027-11
683,jcb,"Bruen, Tremblay and Larkin",2028-03
684,switch,Kunze LLC,2027-05
685,jcb,Bernier-Hessel,2026-02
686,visa,Schroeder Inc,2028-02
687,bankcard,Fahey-Hahn,2027-10
688,jcb,Wiza-Berge,2027-02
689,diners-club-enroute,White-Ernser,2027-07
690,jcb,Torp-Jenkins,2028-07
691,laser,Carroll LLC,2026-01
692,jcb,Terry-Conroy,2027-08
693,jcb,Jacobson-Walker,2027-08
694,china-unionpay,Medhurst-Gutkowski,2025-12
695,jcb,Turcotte-Sauer,2027-07
696,americanexpress,Russel Inc,2027-11
697,mastercard,Carter-Fisher,2027-02
698,americanexpress,"Glover, Effertz and Grant",2026-11
699,jcb,"Moore, Ondricka and Balistreri",2026-02
700,jcb,"Hahn, Gutmann and Nolan",2028-04
701,laser,"Lehner, Cummings and Feil",2028-09
702,jcb,Roob-Kutch,2026-12
703,jcb,Torp-Yost,2027-05
704,jcb,"Morissette, Waelchi and Nikolaus",2028-01
705,jcb,Osinski-Gusikowski,2026-08
706,china-unionpay,"Gibson, Bechtelar and Johns",2026-08
707,jcb,Denesik LLC,2027-04
708,china-unionpay,McKenzie Inc,2027-11
709,mastercard,Lesch-Spinka,2026-02
710,diners-club-carte-blanche,"Kub, Lowe and Walter",2025-12
711,visa-electron,Kuvalis and Sons,2028-06
712,china-unionpay,"Jakubowski, West and Swift",2026-08
713,jcb,Hilll LLC,2027-12
714,mastercard,Steuber LLC,2026-10
715,visa-electron,Upton-Gulgowski,2025-10
716,visa-electron,Yundt-Dickinson,2027-03
717,diners-club-enroute,O'Hara and Sons,2028-01
718,jcb,Davis and Sons,2026-12
719,visa-electron,Dietrich-Pacocha,2026-06
720,visa-electron,West LLC,2028-02
721,instapayment,"Bruen, Johnston and Beer",2025-12
722,mastercard,Huels-Champlin,2026-02
723,jcb,Stamm-White,2026-04
724,mastercard,Powlowski-Boyer,2026-12
725,jcb,Hodkiewicz Inc,2028-02
726,jcb,"Hermiston, Pacocha and Berge",2026-04
727,solo,"Trantow, Rutherford and McClure",2028-03
728,diners-club-us-ca,"Kulas, Quitzon and Kshlerin",2027-10
729,mastercard,Rippin-Klocko,2027-04
730,jcb,Stiedemann Group,2028-09
731,laser,"Welch, O'Kon and Medhurst",2028-03
732,jcb,"Lubowitz, Nolan and Okuneva",2028-08
733,maestro,"Beer, Rowe and Kessler",2025-12
734,jcb,Lindgren-Mitchell,2028-07
735,americanexpress,Torphy-Larson,2028-01
736,china-unionpay,"West, Barton and Yundt",2028-01
737,jcb,Batz Group,2026-04
738,jcb,Moen-Veum,2026-04
739,diners-club-carte-blanche,"Daniel, Streich and Satterfield",2026-12
740,diners-club-carte-blanche,"Olson, Stracke and Ebert",2027-11
741,jcb,Flatley-Fisher,2027-07
742,diners-club-us-ca,"DuBuque, Leannon and Stracke",2026-02
743,china-unionpay,Schmidt LLC,2028-06
744,bankcard,"Crooks, Keeling and Watsica",2026-02
745,visa,"Schoen, Franecki and Langworth",2027-12
746,jcb,Turner-Kessler,2026-11
747,mastercard,"Ward, Hegmann and Spinka",2026-02
748,bankcard,"Lubowitz, Doyle and Kiehn",2025-11
749,mastercard,Torp Inc,2026-11
750,bankcard,Walter and Sons,2025-10
751,americanexpress,Okuneva-Feil,2026-07
752,diners-club-international,Wisozk Group,2026-10
753,mastercard,Cormier-Okuneva,2028-01
754,bankcard,"Rosenbaum, Stark and Pollich",2027-03
755,jcb,Mann-Rolfson,2027-08
756,jcb,"Tromp, Ruecker and Bradtke",2025-10
757,solo,Dare LLC,2028-03
758,bankcard,Nolan-Reynolds,2025-12
759,china-unionpay,"Labadie, Kerluke and Shanahan",2028-09
760,americanexpress,Barton LLC,2028-09
761,mastercard,Price-Hane,2027-01
762,jcb,Hansen-Littel,2026-05
763,jcb,"Gulgowski, Lehner and Schumm",2027-08
764,visa-electron,Yost LLC,2027-11
765,visa-electron,"Yost, Renner and Deckow",2026-10
766,diners-club-us-ca,Kuhic Inc,2027-08
767,diners-club-enroute,"Olson, Carter and Bailey",2026-08
768,diners-club-carte-blanche,Ziemann-Bergnaum,2026-12
769,diners-club-enroute,Vandervort-Treutel,2028-06
770,americanexpress,Mann and Sons,2027-01
771,jcb,Heathcote-Hodkiewicz,2028-06
772,jcb,"Davis, Hettinger and Windler",2026-05
773,diners-club-international,Hansen LLC,2027-08
774,jcb,Connelly Inc,2028-05
775,mastercard,Lynch and Sons,2025-10
776,diners-club-enroute,Cummings-Connelly,2027-01
777,instapayment,Grady and Sons,2026-05
778,americanexpress,Sanford-Littel,2028-01
779,laser,Yundt Inc,2026-09
780,jcb,Prosacco-Smith,2027-11
781,china-unionpay,Paucek Inc,2026-10
782,jcb,"Raynor, Altenwerth and Veum",2026-06
783,jcb,"Oberbrunner, Jones and Keeling",2028-02
784,americanexpress,Stiedemann Inc,2026-05
785,jcb,"Hills, Lueilwitz and Goldner",2028-05
786,diners-club-carte-blanche,Hahn and Sons,2026-05
787,jcb,Zemlak and Sons,2027-03
788,jcb,Denesik-Wilkinson,2025-12
789,visa-electron,"Hegmann, Wilkinson and Schmidt",2026-08
790,jcb,"Lubowitz, Padberg and Kunde",2027-10
791,jcb,"Raynor, Will and Veum",2027-12
792,visa-electron,"MacGyver, Hoeger and Boyle",2026-01
793,mastercard,"Little, Pfeffer and Pollich",2028-07
794,solo,MacGyver-Walter,2027-03
795,mastercard,"Quigley, Jacobs and Stanton",2026-10
796,diners-club-carte-blanche,"Barrows, Thompson and Conroy",2026-10
797,jcb,Wolff-Hills,2026-12
798,mastercard,Bashirian-Christiansen,2026-08
799,jcb,Cronin-Heller,2027-06
800,jcb,"Blick, Christiansen and Zemlak",2026-03
801,visa-electron,Mayer-Rempel,2026-10
802,visa-electron,"Beer, Blick and Ritchie",2026-12
803,bankcard,Mills-Towne,2028-03
804,jcb,"Reinger, Beahan and Leuschke",2026-11
805,mastercard,Altenwerth-Bode,2028-04
806,jcb,Lesch and Sons,2026-02
807,diners-club-enroute,Schowalter Inc,2026-04
808,diners-club-carte-blanche,"Mann, Tillman and Roob",2027-10
809,jcb,Baumbach-Hand,2026-08
810,jcb,"Johns, West and Turner",2028-02
811,mastercard,Lebsack Inc,2027-01
812,jcb,Jenkins-Pfeffer,2026-04
813,maestro,Cronin LLC,2027-12
814,jcb,Breitenberg-Goodwin,2028-05
815,bankcard,"Swift, Bins and Spencer",2026-08
816,solo,Rodriguez Inc,2026-12
817,jcb,Leannon Group,2027-07
818,diners-club-carte-blanche,Torp-Wolff,2026-04
819,visa,Gusikowski-Grimes,2028-04
820,mastercard,Lynch-Mann,2027-07
821,mastercard,Keeling-Moen,2025-12
822,jcb,Borer and Sons,2027-12
823,jcb,"Vandervort, D'Amore and Emmerich",2027-08
824,mastercard,Hermann-Anderson,2027-10
825,instapayment,Hamill-Wunsch,2026-02
826,jcb,Gulgowski and Sons,2028-08
827,jcb,Predovic and Sons,2028-03
828,switch,"Upton, Casper and Turner",2026-08
829,bankcard,Adams-Heidenreich,2027-10
830,visa-electron,Maggio LLC,2026-06
831,diners-club-carte-blanche,Schroeder-Kirlin,2027-04
832,visa-electron,Witting-Bauch,2025-10
833,jcb,Ward-Hagenes,2028-07
834,maestro,Hartmann LLC,2027-03
835,switch,Ritchie-Ernser,2025-10
836,maestro,"Dibbert, Quigley and Armstrong",2026-03
837,visa-electron,Herzog Inc,2028-06
838,jcb,Block Group,2028-05
839,visa-electron,Heathcote and Sons,2026-02
840,diners-club-enroute,"Yost, Connelly and Wyman",2027-01
841,bankcard,Bergnaum LLC,2027-09
842,jcb,"Effertz, Walter and Luettgen",2027-09
843,jcb,White Group,2028-05
844,mastercard,Casper Group,2025-12
845,jcb,Rutherford and Sons,2027-09
846,jcb,"Breitenberg, Armstrong and Graham",2027-06
847,diners-club-carte-blanche,Auer Inc,2026-12
848,visa,"Schaefer, Mraz and Stoltenberg",2026-08
849,diners-club-enroute,Cummings-Runolfsson,2027-02
850,switch,"Jones, Leffler and Daugherty",2028-08
851,laser,"D'Amore, Johnson and Bogisich",2028-07
852,jcb,Emard LLC,2027-08
853,diners-club-carte-blanche,"Jerde, Keeling and Pfannerstill",2028-06
854,mastercard,Bode LLC,2026-02
855,jcb,"Predovic, Effertz and Cummings",2028-03
856,visa,West LLC,2026-02
857,china-unionpay,"Stokes, Botsford and Schamberger",2026-11
858,jcb,Roob Group,2027-10
859,jcb,Runolfsson Inc,2027-05
860,mastercard,Ryan Inc,2028-06
861,maestro,"Macejkovic, Muller and White",2027-06
862,instapayment,Nikolaus-Dooley,2027-03
863,jcb,"Emmerich, Beier and Wuckert",2026-08
864,maestro,Windler-Beer,2027-03
865,switch,O'Kon Inc,2028-06
866,jcb,Schaefer-Moore,2027-03
867,jcb,Ondricka-Turner,2027-10
868,jcb,Collins Inc,2027-12
869,jcb,"Beahan, Heaney and Fadel",2028-05
870,americanexpress,"Nader, Romaguera and Tromp",2026-06
871,jcb,"Streich, Windler and Stoltenberg",2025-12
872,mastercard,Schmeler-Crooks,2028-04
873,jcb,Hills-Ondricka,2027-09
874,jcb,Price LLC,2027-08
875,laser,Ernser-Rowe,2025-11
876,jcb,Paucek-Hessel,2028-01
877,jcb,Senger Group,2027-08
878,diners-club-carte-blanche,"Legros, Cruickshank and Lehner",2027-05
879,visa-electron,"Jacobs, Fahey and Homenick",2027-06
880,bankcard,Dibbert Group,2027-11
881,switch,"Wiegand, O'Kon and Ratke",2027-12
882,jcb,Osinski-Abbott,2027-06
883,jcb,"Bradtke, Franecki and Cormier",2028-05
884,maestro,Hartmann and Sons,2027-08
885,solo,Schoen and Sons,2027-12
886,jcb,Schroeder Group,2026-12
887,maestro,"Bechtelar, Wintheiser and Rolfson",2026-01
888,switch,Schimmel-Wiegand,2028-06
889,laser,"Waelchi, Rempel and Schowalter",2027-04
890,visa,Bernier and Sons,2026-07
891,jcb,White LLC,2028-02
892,visa,Pouros-Wisozk,2026-08
893,americanexpress,Nitzsche-White,2027-12
894,mastercard,"Cruickshank, McGlynn and Windler",2026-06
895,diners-club-carte-blanche,"Watsica, Lind and Bernier",2026-12
896,china-unionpay,Schaefer Inc,2025-12
897,jcb,"Schroeder, White and Lindgren",2027-12
898,jcb,MacGyver LLC,2026-03
899,jcb,Paucek Group,2027-10
900,jcb,Hayes-Nienow,2027-06
901,americanexpress,Lebsack and Sons,2026-07
902,americanexpress,Ratke Group,2028-07
903,solo,Hackett LLC,2028-01
904,jcb,Bartell LLC,2028-05
905,jcb,Kohler LLC,2026-12
906,china-unionpay,"Zulauf, D'Amore and Cartwright",2026-05
907,instapayment,Barrows-Greenholt,2028-03
908,jcb,Simonis-Schmeler,2027-07
909,maestro,Skiles Group,2026-01
910,switch,Hackett-Padberg,2026-10
911,jcb,"Price, Mayer and Pouros",2027-02
912,laser,"Klein, Conn and Berge",2026-04
913,maestro,"Baumbach, Zulauf and Rogahn",2025-12
914,mastercard,Pouros-Hagenes,2028-01
915,mastercard,O'Kon-Tromp,2028-06
916,visa-electron,"Murazik, Gerhold and Yundt",2028-09
917,jcb,Yost and Sons,2026-07
918,switch,"Goodwin, Corkery and Barrows",2026-06
919,jcb,Breitenberg and Sons,2028-01
920,jcb,"Lynch, Huel and Okuneva",2028-03
921,jcb,Friesen-Bartoletti,2026-04
922,visa-electron,"Osinski, Zboncak and Price",2026-12
923,visa-electron,Lubowitz-Ullrich,2026-10
924,china-unionpay,"Nikolaus, Carter and Huels",2027-03
925,visa-electron,Lemke and Sons,2025-12
926,bankcard,"Turner, Abshire and Ernser",2026-08
927,mastercard,"Corwin, Wiegand and Farrell",2028-06
928,diners-club-carte-blanche,"Nolan, Collins and VonRueden",2026-07
929,switch,"Skiles, Homenick and Reichert",2026-05
930,bankcard,"Farrell, Collier and Daugherty",2025-10
931,jcb,"Crooks, Keebler and Gleichner",2026-10
932,jcb,Terry-Douglas,2027-06
933,mastercard,Swaniawski and Sons,2026-01
934,jcb,"Cummings, Wilkinson and Jakubowski",2026-11
935,jcb,"Zulauf, Cassin and Dibbert",2027-05
936,americanexpress,"Reynolds, Nitzsche and Maggio",2027-07
937,diners-club-carte-blanche,Gleichner-Paucek,2026-05
938,diners-club-carte-blanche,Bauch Group,2026-09
939,bankcard,Lakin-Hickle,2026-10
940,jcb,Bergstrom-Pfeffer,2025-11
941,instapayment,"Effertz, Fahey and Zboncak",2028-02
942,visa-electron,Schulist-Rowe,2027-12
943,americanexpress,"Walsh, Kshlerin and Abshire",2028-04
944,visa-electron,Schuppe LLC,2026-07
945,visa,Turcotte-Hammes,2025-12
946,jcb,Schroeder LLC,2025-10
947,bankcard,"Kuhn, Dicki and Ondricka",2026-06
948,diners-club-enroute,"Klein, Dickinson and Paucek",2028-01
949,mastercard,"Berge, Collins and Rau",2026-06
950,jcb,Fahey-Mitchell,2028-02
951,jcb,Balistreri-Armstrong,2028-03
952,jcb,"Swift, Kuhn and Larson",2026-04
953,jcb,Bins-Ondricka,2028-08
954,mastercard,Tremblay Inc,2028-01
955,jcb,Johnston-Lebsack,2026-11
956,mastercard,"Rosenbaum, Morar and Kuhic",2026-09
957,mastercard,Corwin-Rohan,2028-09
958,jcb,Roob-Torp,2028-02
959,china-unionpay,"Hartmann, Halvorson and Simonis",2027-05
960,jcb,"Simonis, Barrows and Kertzmann",2027-09
961,jcb,Davis-MacGyver,2028-03
962,jcb,Rau-Heller,2027-08
963,jcb,"Ryan, Weber and Smitham",2026-08
964,mastercard,Wilderman Group,2028-02
965,mastercard,Waelchi-Mosciski,2027-08
966,jcb,Wolff and Sons,2027-10
967,jcb,Crist-Rippin,2027-07
968,jcb,Hills LLC,2027-11
969,laser,"Friesen, Schinner and Brown",2027-10
970,visa,Hodkiewicz LLC,2027-04
971,switch,"Carter, Hills and Weissnat",2026-03
972,visa-electron,Mohr-Orn,2027-11
973,maestro,"Zemlak, Collins and Douglas",2028-01
974,jcb,Schoen and Sons,2026-04
975,bankcard,"Ruecker, Pfeffer and Stoltenberg",2028-07
976,jcb,Romaguera Group,2027-11
977,diners-club-carte-blanche,Gorczany LLC,2028-03
978,americanexpress,"Jaskolski, Ortiz and Wolf",2027-03
979,jcb,Heaney LLC,2027-11
980,visa-electron,Considine Inc,2026-11
981,maestro,Wilderman-Hoeger,2027-08
982,jcb,Jacobson-Hyatt,2028-09
983,diners-club-carte-blanche,Wolf-Will,2027-07
984,diners-club-us-ca,McDermott LLC,2027-08
985,mastercard,"Zulauf, Roberts and Morar",2028-02
986,jcb,Schaden-Lubowitz,2026-10
987,jcb,McDermott Group,2026-12
988,instapayment,Rippin LLC,2027-04
989,jcb,Considine-Gusikowski,2028-08
990,maestro,"Christiansen, Smitham and Stiedemann",2026-04
991,americanexpress,Kutch-Cremin,2028-01
992,visa,"Keebler, Will and Harris",2026-07
993,jcb,Runolfsdottir-Conroy,2028-10
994,china-unionpay,"Schneider, Kshlerin and Willms",2028-05
995,switch,"Fisher, Mertz and Volkman",2027-05
996,diners-club-international,Doyle Inc,2028-03
997,jcb,"Torp, Spinka and Koss",2026-11
998,jcb,"Kassulke, Stehr and Yundt",2027-02
999,mastercard,"Gerlach, Feeney and Bashirian",2025-12
1000,laser,Oberbrunner-Renner,2027-10
