ID_Vehiculo,Tipo_vehiculo,Marca,Modelo,Año,Capacidad
1,blandit lacinia erat vestibulum sed magna at,Volkswagen,New Beetle,2006,4
2,aliquam quis turpis eget elit sodales scelerisque mauris sit amet,MINI,MINI,2002,7
3,integer ac neque duis bibendum morbi non quam,Toyota,Camry,2000,2
4,vestibulum aliquet ultrices erat tortor,Mitsubishi,Galant,1984,7
5,nullam varius nulla facilisi cras,Ford,Ranger,1991,4
6,luctus et ultrices posuere cubilia curae duis,Toyota,Land Cruiser,2001,2
7,integer non velit donec diam neque vestibulum,Ford,LTD Crown Victoria,1987,6
8,posuere cubilia curae duis faucibus accumsan odio,Chevrolet,Prizm,2001,5
9,congue elementum in hac habitasse platea dictumst morbi,Land Rover,Range Rover Sport,2008,7
10,iaculis congue vivamus metus arcu adipiscing,Dodge,Grand Caravan,1996,3
11,mi in porttitor pede justo eu massa donec,Mercedes-Benz,SL-Class,2012,6
12,ipsum dolor sit amet consectetuer adipiscing elit proin,Ford,Thunderbird,1965,7
13,adipiscing elit proin interdum mauris non ligula pellentesque ultrices,Kia,Optima,2008,1
14,nisl nunc rhoncus dui vel,Dodge,Caravan,1985,2
15,duis bibendum felis sed interdum venenatis,Ford,Mustang,2001,5
16,justo aliquam quis turpis eget elit sodales scelerisque mauris,Lexus,GS,1999,5
17,nec sem duis aliquam convallis nunc proin,BMW,Z3,1996,3
18,mauris ullamcorper purus sit amet nulla quisque arcu libero,Mercedes-Benz,SL-Class,1999,7
19,et tempus semper est quam pharetra magna ac,BMW,X5,2001,5
20,nulla sed accumsan felis ut at dolor quis odio,Chevrolet,Caprice,1991,6
21,blandit non interdum in ante vestibulum ante ipsum primis,BMW,X3,2005,6
22,sed vestibulum sit amet cursus id turpis integer aliquet massa,GMC,Sonoma,2004,3
23,nulla mollis molestie lorem quisque ut erat curabitur,Honda,Accord,2005,5
24,iaculis justo in hac habitasse platea,Pontiac,Turbo Firefly,1988,4
25,condimentum id luctus nec molestie sed justo pellentesque viverra pede,Ford,Fusion,2009,6
26,sit amet lobortis sapien sapien,Lexus,GX,2005,1
27,et commodo vulputate justo in blandit ultrices enim lorem ipsum,Dodge,Intrepid,2002,2
28,nibh in lectus pellentesque at nulla suspendisse potenti cras in,BMW,X3,2011,1
29,a ipsum integer a nibh,Honda,Accord,1994,4
30,ante nulla justo aliquam quis turpis eget elit sodales scelerisque,Buick,Century,1996,4
31,vitae consectetuer eget rutrum at lorem integer tincidunt ante vel,Geo,Prizm,1993,2
32,donec vitae nisi nam ultrices libero non mattis pulvinar,Mercury,Mountaineer,2000,3
33,ipsum ac tellus semper interdum,Oldsmobile,98,1996,1
34,consequat varius integer ac leo pellentesque ultrices mattis odio,GMC,Savana 2500,2011,7
35,lacus morbi quis tortor id nulla ultrices aliquet,Ford,F250,2003,3
36,dolor vel est donec odio,Mazda,Mazda2,2011,4
37,sed magna at nunc commodo placerat praesent,Audi,S5,2009,5
38,ut massa volutpat convallis morbi odio odio elementum eu,Acura,CL,2003,2
39,mauris eget massa tempor convallis nulla neque,Audi,TT,2008,1
40,iaculis diam erat fermentum justo nec condimentum neque sapien,Dodge,Spirit,1994,4
41,vestibulum ante ipsum primis in faucibus,Honda,Prelude,2000,7
42,orci luctus et ultrices posuere cubilia curae,Pontiac,LeMans,1991,1
43,ultrices erat tortor sollicitudin mi sit amet,Ford,Expedition,2007,7
44,pellentesque quisque porta volutpat erat quisque,Volkswagen,R32,2009,6
45,habitasse platea dictumst maecenas ut massa quis augue,Pontiac,Grand Prix,1992,4
46,convallis tortor risus dapibus augue vel accumsan tellus,Mazda,Familia,1987,5
47,nibh in hac habitasse platea,Chevrolet,Aveo,2008,3
48,urna pretium nisl ut volutpat,Acura,RDX,2010,2
49,nulla nisl nunc nisl duis bibendum felis sed interdum,Chevrolet,Silverado,2006,1
50,potenti in eleifend quam a odio in hac habitasse,Nissan,Armada,2005,7
51,in quam fringilla rhoncus mauris enim leo,Lamborghini,Countach,1986,1
52,sollicitudin vitae consectetuer eget rutrum,Nissan,200SX,1998,2
53,tortor quis turpis sed ante vivamus tortor,Oldsmobile,Silhouette,2002,4
54,morbi non lectus aliquam sit amet diam in magna bibendum,Chevrolet,Astro,1992,5
55,ante vivamus tortor duis mattis egestas,Toyota,Solara,1999,1
56,lobortis ligula sit amet eleifend pede libero,Ford,Explorer,1997,2
57,vestibulum sagittis sapien cum sociis natoque penatibus,Maybach,57,2007,7
58,amet cursus id turpis integer aliquet massa id,Volvo,940,1994,3
59,pede venenatis non sodales sed tincidunt,Chevrolet,HHR,2006,5
60,porta volutpat quam pede lobortis ligula sit amet,MINI,Clubman,2012,7
61,ac leo pellentesque ultrices mattis odio donec vitae,Volvo,XC60,2010,4
62,tellus nulla ut erat id mauris vulputate elementum nullam varius,Lamborghini,Countach,1987,5
63,quisque erat eros viverra eget congue eget,Acura,TSX,2005,5
64,suscipit a feugiat et eros,Mitsubishi,3000GT,1997,5
65,at vulputate vitae nisl aenean lectus pellentesque,Chevrolet,Silverado 1500,2011,3
66,platea dictumst etiam faucibus cursus urna ut tellus,Audi,Q7,2011,5
67,at nibh in hac habitasse platea,Acura,CL,2003,1
68,cum sociis natoque penatibus et magnis dis parturient montes nascetur,Mitsubishi,Diamante,1993,4
69,etiam faucibus cursus urna ut tellus nulla ut erat id,Audi,Coupe GT,1987,6
70,vel pede morbi porttitor lorem id ligula suspendisse ornare consequat,BMW,M3,2006,2
71,libero rutrum ac lobortis vel dapibus,Cadillac,Eldorado,1994,4
72,risus auctor sed tristique in tempus,GMC,Canyon,2012,7
73,faucibus orci luctus et ultrices posuere cubilia curae,Audi,S8,2009,1
74,integer non velit donec diam neque vestibulum eget vulputate,Mazda,B-Series,1990,1
75,viverra dapibus nulla suscipit ligula in lacus,Volkswagen,Golf,1992,1
76,eget eros elementum pellentesque quisque porta,Nissan,Sentra,2000,4
77,faucibus orci luctus et ultrices posuere cubilia curae,GMC,Envoy,2005,3
78,condimentum neque sapien placerat ante nulla justo aliquam quis turpis,Isuzu,Stylus,1993,7
79,magna vulputate luctus cum sociis,Land Rover,Defender 90,1994,6
80,sapien a libero nam dui proin leo odio porttitor id,Chrysler,Concorde,2000,3
81,nunc purus phasellus in felis donec semper sapien a libero,BMW,5 Series,2005,5
82,sem praesent id massa id nisl,Toyota,Corolla,1995,3
83,mi sit amet lobortis sapien sapien,Nissan,Sentra,1991,1
84,lacus morbi sem mauris laoreet ut rhoncus aliquet pulvinar,Maybach,62,2003,7
85,blandit non interdum in ante vestibulum,Toyota,Avalon,1999,3
86,morbi odio odio elementum eu interdum,Land Rover,Range Rover,2012,2
87,nulla facilisi cras non velit nec nisi vulputate nonummy,Chrysler,Pacifica,2007,3
88,donec ut mauris eget massa tempor,Jeep,Wrangler,2001,5
89,magnis dis parturient montes nascetur ridiculus mus etiam vel augue,Mercedes-Benz,CL-Class,2004,1
90,metus arcu adipiscing molestie hendrerit at vulputate vitae nisl,Buick,Riviera,1979,2
91,volutpat dui maecenas tristique est et,Oldsmobile,Alero,2004,5
92,in faucibus orci luctus et ultrices posuere cubilia curae mauris,Lexus,GS,1994,5
93,suspendisse potenti cras in purus eu magna vulputate luctus cum,Lincoln,Navigator,2007,4
94,volutpat sapien arcu sed augue aliquam erat volutpat in,Mazda,Mazda3,2011,7
95,vel augue vestibulum rutrum rutrum neque aenean auctor gravida sem,Toyota,Land Cruiser,2011,6
96,tincidunt eget tempus vel pede morbi porttitor lorem id ligula,Mazda,Miata MX-5,2008,5
97,tortor quis turpis sed ante,Toyota,Camry,1993,4
98,turpis adipiscing lorem vitae mattis nibh ligula nec sem,Dodge,Ram,2008,4
99,eget tempus vel pede morbi porttitor lorem id,Jeep,Cherokee,1995,1
100,tincidunt nulla mollis molestie lorem quisque,Hyundai,Tiburon,1999,5
101,diam neque vestibulum eget vulputate ut ultrices vel,Lexus,ES,1989,7
102,est phasellus sit amet erat nulla,Toyota,Corolla,2001,2
103,justo sit amet sapien dignissim vestibulum vestibulum,Toyota,Sienna,2000,4
104,ipsum primis in faucibus orci luctus et ultrices,Subaru,Legacy,2002,4
105,volutpat quam pede lobortis ligula sit amet eleifend,Volvo,C70,2013,1
106,vel dapibus at diam nam tristique tortor eu,Dodge,Grand Caravan,2010,3
107,molestie hendrerit at vulputate vitae,Jeep,Wrangler,1994,5
108,lorem quisque ut erat curabitur gravida nisi at,Subaru,Baja,2006,2
109,risus auctor sed tristique in tempus,Chevrolet,Camaro,1968,2
110,tortor quis turpis sed ante vivamus tortor duis,Chevrolet,Astro,2005,7
111,ut erat id mauris vulputate elementum nullam varius nulla facilisi,Infiniti,I,1998,3
112,est congue elementum in hac habitasse platea,Suzuki,Verona,2006,5
113,vel lectus in quam fringilla,Ford,Edge,2011,4
114,nisl ut volutpat sapien arcu sed augue aliquam,Jaguar,S-Type,2001,1
115,nibh in lectus pellentesque at nulla suspendisse potenti cras,Mercury,Sable,1991,7
116,viverra diam vitae quam suspendisse potenti nullam porttitor lacus at,Chevrolet,Corsica,1995,3
117,eu est congue elementum in hac habitasse platea dictumst,Chevrolet,G-Series 3500,1998,5
118,cras pellentesque volutpat dui maecenas tristique est et tempus semper,Toyota,MR2,2000,4
119,dui vel sem sed sagittis nam congue risus semper,Chevrolet,Sportvan G20,1993,2
120,vulputate luctus cum sociis natoque penatibus et,Toyota,Prius,2005,3
121,bibendum imperdiet nullam orci pede venenatis non,Chevrolet,Tahoe,2010,1
122,sed interdum venenatis turpis enim blandit mi in porttitor,Land Rover,LR2,2011,7
123,condimentum neque sapien placerat ante nulla justo,Volkswagen,Passat,1992,1
124,sit amet nunc viverra dapibus nulla suscipit ligula in,Mitsubishi,Galant,2011,2
125,justo lacinia eget tincidunt eget,Infiniti,Q,2001,1
126,amet lobortis sapien sapien non mi integer,Mitsubishi,Pajero,1990,3
127,congue elementum in hac habitasse platea dictumst,Mazda,Mazda3,2012,6
128,tempus vivamus in felis eu,Mitsubishi,Diamante,1994,1
129,curae mauris viverra diam vitae quam suspendisse potenti nullam,Lincoln,Town Car,1991,2
130,orci luctus et ultrices posuere cubilia,Volvo,V50,2008,5
131,quis odio consequat varius integer ac leo pellentesque,Volvo,V70,2005,5
132,lobortis est phasellus sit amet erat nulla tempus,Plymouth,Grand Voyager,1992,2
133,pellentesque ultrices phasellus id sapien in sapien iaculis congue vivamus,Ford,Courier,1989,7
134,ultrices posuere cubilia curae duis,Mazda,MPV,2004,2
135,lectus aliquam sit amet diam in magna bibendum imperdiet nullam,Acura,TL,2008,5
136,sem mauris laoreet ut rhoncus aliquet pulvinar,Mitsubishi,Pajero,1995,2
137,amet eleifend pede libero quis orci nullam molestie nibh,Suzuki,X-90,1997,3
138,pede justo eu massa donec dapibus duis,Chevrolet,Caprice,1977,6
139,odio curabitur convallis duis consequat,GMC,Jimmy,2000,2
140,convallis nunc proin at turpis,BMW,1 Series,2008,1
141,ligula vehicula consequat morbi a ipsum,Audi,A6,1995,4
142,at dolor quis odio consequat varius integer ac,Mercedes-Benz,SLK-Class,2008,5
143,lacus purus aliquet at feugiat non pretium,Ford,Tempo,1993,7
144,dui vel sem sed sagittis nam congue risus semper,GMC,Vandura 2500,1992,3
145,non lectus aliquam sit amet diam in magna bibendum imperdiet,Volkswagen,Golf,2002,2
146,nulla nunc purus phasellus in felis donec semper sapien a,Buick,Park Avenue,2000,1
147,nec dui luctus rutrum nulla tellus in sagittis,Pontiac,LeMans,1991,4
148,nunc vestibulum ante ipsum primis in faucibus orci,Subaru,Legacy,2001,4
149,mi pede malesuada in imperdiet,Chevrolet,SSR,2006,5
150,dictumst morbi vestibulum velit id pretium iaculis diam erat fermentum,Cadillac,CTS-V,2010,3
151,pellentesque ultrices phasellus id sapien in sapien iaculis congue,Isuzu,Ascender,2008,2
152,cum sociis natoque penatibus et magnis,Mercedes-Benz,SL-Class,1991,2
153,tincidunt ante vel ipsum praesent blandit lacinia,Lexus,GX,2011,4
154,vestibulum quam sapien varius ut blandit non interdum in ante,Chrysler,PT Cruiser,2010,6
155,quisque porta volutpat erat quisque erat eros viverra eget congue,Porsche,911,1992,2
156,condimentum neque sapien placerat ante nulla justo aliquam quis turpis,GMC,Rally Wagon 2500,1992,2
157,convallis nulla neque libero convallis eget eleifend luctus ultricies,Ford,F150,1998,6
158,dui vel sem sed sagittis nam congue,Pontiac,G3,2010,6
159,in hac habitasse platea dictumst,Buick,Lucerne,2010,1
160,pharetra magna ac consequat metus sapien ut,Suzuki,Swift,1990,6
161,quis orci nullam molestie nibh,Ford,Crown Victoria,2000,4
162,enim lorem ipsum dolor sit amet consectetuer adipiscing,Jaguar,XJ Series,2003,6
163,eget congue eget semper rutrum nulla nunc purus,Mercury,Capri,1986,2
164,felis eu sapien cursus vestibulum proin eu mi,Subaru,Baja,2003,6
165,in hac habitasse platea dictumst morbi vestibulum velit id pretium,Porsche,968,1992,6
166,nullam porttitor lacus at turpis donec,Mercedes-Benz,S-Class,2005,3
167,amet turpis elementum ligula vehicula consequat morbi a ipsum,BMW,760,2004,2
168,commodo vulputate justo in blandit ultrices enim,GMC,Safari,1999,6
169,justo nec condimentum neque sapien placerat ante,Hummer,H1,1995,6
170,donec semper sapien a libero nam dui proin,Ford,LTD,1984,5
171,in hac habitasse platea dictumst aliquam,Plymouth,Prowler,1999,3
172,ipsum primis in faucibus orci luctus et,Chevrolet,Corvette,1975,2
173,velit nec nisi vulputate nonummy maecenas tincidunt lacus at,Jeep,Wrangler,1997,1
174,nisl duis bibendum felis sed interdum venenatis turpis,GMC,Sierra 2500,2011,2
175,quam suspendisse potenti nullam porttitor lacus at turpis,Mazda,MX-3,1992,3
176,rutrum ac lobortis vel dapibus at diam nam tristique,Lexus,GS,2010,1
177,dolor sit amet consectetuer adipiscing elit,Dodge,Ram 2500,1994,7
178,eros suspendisse accumsan tortor quis turpis sed,Mitsubishi,Outlander,2011,6
179,ipsum aliquam non mauris morbi,Toyota,Yaris,2008,1
180,magna ac consequat metus sapien ut nunc,Chevrolet,Equinox,2010,3
181,neque vestibulum eget vulputate ut ultrices vel,GMC,Canyon,2004,2
182,sit amet lobortis sapien sapien non,Ford,Econoline E250,1997,4
183,risus semper porta volutpat quam pede,Suzuki,Esteem,2001,7
184,bibendum felis sed interdum venenatis,Acura,Legend,1994,2
185,lorem ipsum dolor sit amet consectetuer adipiscing,Acura,RL,2010,1
186,ultrices posuere cubilia curae donec pharetra,Ford,Explorer Sport,2001,7
187,suscipit nulla elit ac nulla sed vel enim sit,Eagle,Talon,1996,5
188,molestie sed justo pellentesque viverra pede ac diam cras,Infiniti,EX,2011,1
189,maecenas leo odio condimentum id,Mercedes-Benz,600SL,1993,3
190,at vulputate vitae nisl aenean,GMC,Safari,2001,3
191,primis in faucibus orci luctus et ultrices posuere cubilia curae,Nissan,Xterra,2009,7
192,nisi vulputate nonummy maecenas tincidunt lacus at,Land Rover,Discovery,2001,2
193,id sapien in sapien iaculis congue vivamus metus arcu,Subaru,Leone,1986,3
194,quis tortor id nulla ultrices aliquet maecenas leo odio condimentum,Ford,F250,2010,5
195,luctus et ultrices posuere cubilia curae,Mercedes-Benz,CLS-Class,2010,5
196,dolor morbi vel lectus in quam,Toyota,Corolla,1996,6
197,vitae mattis nibh ligula nec sem,Ford,Galaxie,1964,3
198,urna ut tellus nulla ut erat id mauris vulputate,Volkswagen,Golf,2011,1
199,pellentesque quisque porta volutpat erat quisque erat eros,BMW,X3,2008,7
200,commodo placerat praesent blandit nam,Chrysler,Aspen,2009,4
201,molestie hendrerit at vulputate vitae nisl aenean lectus pellentesque,Mercury,Cougar,1968,1
202,pede posuere nonummy integer non velit donec diam neque vestibulum,Saab,9-3,2009,2
203,magna at nunc commodo placerat praesent blandit nam nulla integer,Volkswagen,Eos,2007,1
204,praesent id massa id nisl venenatis lacinia,Mercury,Capri,1985,2
205,eu massa donec dapibus duis at velit eu est,Mitsubishi,Precis,1990,3
206,vestibulum sagittis sapien cum sociis natoque,Nissan,Murano,2009,1
207,lacinia sapien quis libero nullam,Mercury,Mountaineer,2001,2
208,turpis integer aliquet massa id lobortis convallis tortor,Infiniti,FX,2004,7
209,volutpat quam pede lobortis ligula sit,Land Rover,Range Rover,1994,7
210,cursus urna ut tellus nulla ut erat id mauris,Chevrolet,Caprice Classic,1996,3
211,nulla pede ullamcorper augue a,Cadillac,Escalade,2004,3
212,ante vivamus tortor duis mattis egestas,Suzuki,Swift,1998,4
213,praesent lectus vestibulum quam sapien varius ut blandit,Ford,E250,2008,6
214,ultricies eu nibh quisque id justo sit amet,Toyota,Venza,2010,3
215,ligula in lacus curabitur at ipsum ac,Dodge,Journey,2009,7
216,sed lacus morbi sem mauris,Land Rover,Discovery,2008,2
217,tristique est et tempus semper est quam pharetra magna ac,Hyundai,Equus,2011,5
218,ac enim in tempor turpis,Porsche,Carrera GT,2005,5
219,congue elementum in hac habitasse,Subaru,Impreza WRX,2010,7
220,ligula in lacus curabitur at ipsum ac tellus semper,Infiniti,Q,1995,3
221,est risus auctor sed tristique in,Acura,SLX,1996,3
222,pellentesque volutpat dui maecenas tristique est et tempus semper est,Honda,Odyssey,1996,3
223,in faucibus orci luctus et ultrices posuere cubilia,Lincoln,MKS,2013,5
224,dis parturient montes nascetur ridiculus,BMW,Alpina B7,2007,7
225,nunc donec quis orci eget orci vehicula,Buick,Park Avenue,2005,6
226,lacinia erat vestibulum sed magna at,Volkswagen,rio,2001,5
227,posuere nonummy integer non velit donec diam neque vestibulum eget,Porsche,Carrera GT,2004,1
228,curabitur at ipsum ac tellus semper,Ford,Thunderbird,1958,2
229,aenean sit amet justo morbi ut odio,Kia,Sorento,2013,6
230,id luctus nec molestie sed justo pellentesque viverra pede,Volvo,V70,1998,6
231,aliquam quis turpis eget elit,Chevrolet,Suburban 1500,1996,4
232,pulvinar nulla pede ullamcorper augue a suscipit nulla,Chevrolet,Corvette,1967,1
233,neque libero convallis eget eleifend,Land Rover,Range Rover,2006,7
234,in quam fringilla rhoncus mauris enim leo,Hyundai,Veracruz,2012,6
235,justo maecenas rhoncus aliquam lacus morbi quis tortor id nulla,Pontiac,Grand Prix,1991,3
236,scelerisque quam turpis adipiscing lorem vitae mattis nibh,Mitsubishi,Chariot,1988,6
237,accumsan tortor quis turpis sed ante vivamus tortor duis,Lincoln,Continental,1998,5
238,tristique fusce congue diam id ornare imperdiet sapien,Cadillac,SRX,2004,1
239,nulla quisque arcu libero rutrum ac lobortis vel dapibus at,Lincoln,MKZ,2010,4
240,bibendum imperdiet nullam orci pede venenatis non sodales sed,GMC,Rally Wagon G2500,1995,4
241,pharetra magna vestibulum aliquet ultrices erat tortor sollicitudin,Suzuki,XL7,2006,5
242,aliquam sit amet diam in magna bibendum,Spyker,C8,2005,2
243,ut massa volutpat convallis morbi odio odio elementum eu,Chevrolet,Cavalier,1992,6
244,vulputate nonummy maecenas tincidunt lacus,Chevrolet,Cavalier,1992,1
245,aliquam lacus morbi quis tortor id nulla ultrices aliquet,Honda,Ridgeline,2012,7
246,eu tincidunt in leo maecenas pulvinar lobortis est,Plymouth,Prowler,1997,5
247,mauris sit amet eros suspendisse accumsan tortor quis turpis sed,Chevrolet,Silverado 1500,2007,3
248,nullam porttitor lacus at turpis donec posuere,Aston Martin,DBS,2011,4
249,luctus et ultrices posuere cubilia curae donec,Chevrolet,Blazer,2000,6
250,eros viverra eget congue eget semper rutrum,Oldsmobile,Bravada,1994,1
251,sem duis aliquam convallis nunc proin at turpis a pede,Toyota,Camry,1998,3
252,tortor risus dapibus augue vel accumsan tellus nisi eu,Buick,Coachbuilder,1994,7
253,parturient montes nascetur ridiculus mus etiam vel augue vestibulum,Hummer,H3,2008,3
254,libero non mattis pulvinar nulla pede ullamcorper augue a suscipit,Mercedes-Benz,CL-Class,2012,5
255,in ante vestibulum ante ipsum primis,Ford,Edge,2007,6
256,purus aliquet at feugiat non pretium quis,Jaguar,XK Series,2005,5
257,consequat dui nec nisi volutpat eleifend,Nissan,Versa,2007,5
258,orci pede venenatis non sodales sed tincidunt,Isuzu,Hombre Space,1997,3
259,vitae consectetuer eget rutrum at lorem integer,Jeep,Wrangler,1998,5
260,a suscipit nulla elit ac nulla sed,Ford,Excursion,2004,3
261,nascetur ridiculus mus etiam vel augue,Plymouth,Reliant,1981,5
262,pede morbi porttitor lorem id ligula suspendisse ornare consequat,Jaguar,XK Series,2005,7
263,neque duis bibendum morbi non,Toyota,Avalon,2002,5
264,erat eros viverra eget congue eget semper rutrum nulla nunc,Ford,Ranger,2007,3
265,magna ac consequat metus sapien ut nunc vestibulum,Infiniti,QX56,2007,5
266,eros viverra eget congue eget,Toyota,Matrix,2010,1
267,elit sodales scelerisque mauris sit,Isuzu,Space,1994,2
268,libero nam dui proin leo odio,GMC,Safari,2003,5
269,quis augue luctus tincidunt nulla mollis,Mitsubishi,Chariot,1989,6
270,ligula sit amet eleifend pede libero quis orci,Oldsmobile,LSS,1998,4
271,potenti cras in purus eu,Pontiac,1000,1986,3
272,ipsum dolor sit amet consectetuer adipiscing elit proin risus praesent,Citroën,CX,1989,2
273,nulla pede ullamcorper augue a,Ford,Five Hundred,2006,6
274,velit nec nisi vulputate nonummy maecenas tincidunt lacus at velit,MINI,MINI,2002,1
275,faucibus orci luctus et ultrices posuere,Dodge,Viper,2003,3
276,ut erat id mauris vulputate elementum nullam,Honda,CR-V,2012,3
277,ac lobortis vel dapibus at diam nam,Jeep,Patriot,2008,3
278,leo rhoncus sed vestibulum sit amet cursus id turpis,Volkswagen,R32,2008,1
279,ornare imperdiet sapien urna pretium nisl ut,GMC,3500 Club Coupe,1994,4
280,turpis nec euismod scelerisque quam turpis,Ford,Mustang,1987,7
281,mi pede malesuada in imperdiet et commodo vulputate justo,MINI,Cooper Clubman,2008,6
282,et ultrices posuere cubilia curae,GMC,Sonoma,1997,6
283,tortor sollicitudin mi sit amet lobortis sapien,Jeep,Wrangler,2007,5
284,aliquam non mauris morbi non,Audi,A4,2007,1
285,turpis elementum ligula vehicula consequat morbi a,Honda,CR-X,1985,1
286,a ipsum integer a nibh,Honda,Accord,1988,1
287,hac habitasse platea dictumst morbi vestibulum velit id,Chevrolet,HHR,2008,4
288,non quam nec dui luctus rutrum nulla tellus in sagittis,Pontiac,Fiero,1988,1
289,vulputate luctus cum sociis natoque penatibus et magnis,Hyundai,Tucson,2005,6
290,interdum in ante vestibulum ante,Volkswagen,Routan,2010,3
291,lobortis est phasellus sit amet erat nulla,Mazda,MX-5,1999,3
292,dui vel nisl duis ac nibh fusce lacus purus,GMC,Sierra 2500HD,2006,3
293,pellentesque ultrices mattis odio donec vitae,Toyota,Prius,2011,7
294,odio donec vitae nisi nam ultrices libero non mattis pulvinar,Volkswagen,Cabriolet,1998,2
295,ac neque duis bibendum morbi,Saab,9-3,2006,6
296,nunc nisl duis bibendum felis sed interdum,GMC,3500 Club Coupe,1996,6
297,proin interdum mauris non ligula,Land Rover,LR3,2009,1
298,lectus pellentesque eget nunc donec quis,Mitsubishi,Challenger,2000,1
299,ligula suspendisse ornare consequat lectus in,Jeep,Liberty,2002,3
300,et magnis dis parturient montes nascetur ridiculus mus vivamus vestibulum,Mitsubishi,Lancer,2003,7
301,ut mauris eget massa tempor convallis nulla neque libero,Shelby,GT350,1969,5
302,rutrum nulla tellus in sagittis dui vel,GMC,Sierra 1500,2001,7
303,morbi quis tortor id nulla ultrices aliquet maecenas,Lexus,LX,2002,2
304,elit sodales scelerisque mauris sit,Volkswagen,Cabriolet,2001,5
305,sodales sed tincidunt eu felis fusce posuere felis sed lacus,Saab,9000,1997,7
306,viverra diam vitae quam suspendisse,GMC,Vandura 2500,1994,2
307,ut massa volutpat convallis morbi odio odio,Honda,Accord,1985,7
308,vitae ipsum aliquam non mauris,Land Rover,Range Rover Sport,2010,6
309,quis orci eget orci vehicula condimentum curabitur in libero,Mercedes-Benz,SL-Class,1995,2
310,maecenas tristique est et tempus,Mitsubishi,Galant,1992,4
311,tempor turpis nec euismod scelerisque quam turpis adipiscing lorem,Mercedes-Benz,190E,1992,3
312,ligula nec sem duis aliquam convallis nunc proin,Buick,Skylark,1988,1
313,sed tristique in tempus sit amet sem,Pontiac,Bonneville,1966,7
314,at lorem integer tincidunt ante,Volkswagen,Eurovan,1994,6
315,augue vestibulum rutrum rutrum neque aenean auctor gravida sem,GMC,Envoy,2002,1
316,nulla tempus vivamus in felis eu sapien cursus vestibulum,Volkswagen,Touareg,2006,1
317,dui maecenas tristique est et tempus semper est quam pharetra,Lexus,IS,2002,2
318,quam nec dui luctus rutrum nulla tellus,Infiniti,G,2008,5
319,elit sodales scelerisque mauris sit amet eros suspendisse accumsan,Aston Martin,Vantage,2008,4
320,nam dui proin leo odio porttitor id consequat in,Volkswagen,Golf,2006,6
321,vestibulum ante ipsum primis in,Chevrolet,Lumina,2000,5
322,platea dictumst aliquam augue quam sollicitudin vitae consectetuer eget rutrum,Cadillac,STS,2009,5
323,morbi a ipsum integer a nibh in quis justo,Mercury,Grand Marquis,1995,3
324,mi integer ac neque duis bibendum morbi,Infiniti,G,1999,4
325,fusce congue diam id ornare imperdiet sapien urna,Honda,Pilot,2005,4
326,quis lectus suspendisse potenti in,Buick,LeSabre,1994,3
327,in faucibus orci luctus et ultrices posuere cubilia curae mauris,Isuzu,i-370,2008,7
328,dapibus augue vel accumsan tellus nisi,Infiniti,Q,2000,1
329,id nisl venenatis lacinia aenean,Dodge,Stratus,1997,3
330,quam fringilla rhoncus mauris enim,Ford,Windstar,2002,4
331,justo maecenas rhoncus aliquam lacus morbi quis tortor,Toyota,Tacoma,2008,2
332,posuere felis sed lacus morbi sem mauris laoreet ut,Chevrolet,Malibu,2007,4
333,aliquam lacus morbi quis tortor id,Porsche,Cayman,2011,4
334,in blandit ultrices enim lorem,Mazda,B-Series,1990,4
335,congue eget semper rutrum nulla nunc purus,Chevrolet,Impala,1995,2
336,sed vestibulum sit amet cursus id turpis,Mercedes-Benz,400SE,1992,6
337,ornare imperdiet sapien urna pretium nisl,Acura,SLX,1998,4
338,tempus semper est quam pharetra magna,Chevrolet,Camaro,2011,1
339,hac habitasse platea dictumst morbi vestibulum velit id pretium,Toyota,4Runner,2004,1
340,cursus urna ut tellus nulla ut erat id mauris,GMC,3500 Club Coupe,1993,5
341,est et tempus semper est quam pharetra,Kia,Sedona,2002,5
342,accumsan felis ut at dolor quis,Volvo,V70,2010,4
343,justo eu massa donec dapibus duis at velit eu est,Mazda,CX-7,2011,1
344,nisl nunc rhoncus dui vel sem sed,Ford,F150,2008,6
345,elit ac nulla sed vel,Saab,9-5,2002,7
346,ante ipsum primis in faucibus,GMC,Jimmy,1995,4
347,convallis duis consequat dui nec nisi,GMC,Rally Wagon 1500,1993,7
348,proin at turpis a pede posuere,Toyota,RAV4,2008,1
349,purus eu magna vulputate luctus cum,Ford,Econoline E150,1997,6
350,est quam pharetra magna ac consequat metus sapien ut nunc,Chevrolet,Camaro,1970,6
351,at velit eu est congue,Honda,Passport,2000,5
352,vestibulum sagittis sapien cum sociis natoque penatibus,Volkswagen,GTI,1988,3
353,sit amet sapien dignissim vestibulum vestibulum ante ipsum,Nissan,Altima,2010,7
354,sollicitudin vitae consectetuer eget rutrum,Pontiac,Firebird Formula,1999,2
355,vestibulum proin eu mi nulla ac enim in,Nissan,Rogue,2010,5
356,lectus pellentesque eget nunc donec quis,Honda,Passport,2002,7
357,donec posuere metus vitae ipsum aliquam non mauris morbi,Ford,F-Series Super Duty,2007,6
358,elit sodales scelerisque mauris sit amet eros suspendisse accumsan tortor,Toyota,Prius,2011,3
359,viverra pede ac diam cras pellentesque volutpat dui,Mitsubishi,Galant,2007,3
360,tempus sit amet sem fusce consequat,Mercury,Capri,1984,1
361,ligula vehicula consequat morbi a ipsum,Audi,80,1992,4
362,quisque porta volutpat erat quisque erat eros,Pontiac,Montana SV6,2005,4
363,cursus vestibulum proin eu mi nulla ac enim,Mercedes-Benz,CLK-Class,2007,4
364,sapien non mi integer ac neque duis bibendum,Volkswagen,Corrado,1994,5
365,pede ac diam cras pellentesque volutpat dui maecenas tristique,Kia,Sedona,2005,3
366,sit amet sem fusce consequat nulla,GMC,1500,1997,1
367,cubilia curae donec pharetra magna vestibulum aliquet ultrices erat tortor,Infiniti,G,2008,3
368,adipiscing lorem vitae mattis nibh ligula nec sem duis aliquam,Kia,Sorento,2007,6
369,enim sit amet nunc viverra dapibus nulla suscipit,Mercedes-Benz,S-Class,2009,3
370,in purus eu magna vulputate,Cadillac,Eldorado,1999,2
371,nulla mollis molestie lorem quisque ut erat curabitur gravida,Mitsubishi,RVR,1995,6
372,luctus tincidunt nulla mollis molestie,Nissan,Sentra,2010,3
373,ac consequat metus sapien ut nunc vestibulum,Mitsubishi,Outlander,2006,2
374,vestibulum sagittis sapien cum sociis,GMC,Savana 3500,1998,2
375,at ipsum ac tellus semper interdum,Volkswagen,Jetta,1998,1
376,lacinia erat vestibulum sed magna at nunc commodo placerat,Ford,Crown Victoria,1998,7
377,felis sed lacus morbi sem mauris laoreet ut,Dodge,Ram Van 1500,2000,1
378,nisl duis ac nibh fusce lacus purus aliquet at,Porsche,911,1992,7
379,fusce congue diam id ornare imperdiet,Porsche,944,1987,6
380,sed vel enim sit amet nunc viverra,Ford,F250,1997,4
381,nisi nam ultrices libero non,Ford,F250,1984,5
382,in hac habitasse platea dictumst,Ford,F-Series,1991,4
383,a feugiat et eros vestibulum,Toyota,Land Cruiser,1999,5
384,est donec odio justo sollicitudin ut,Ford,F-Series,2002,5
385,amet justo morbi ut odio cras mi pede malesuada in,BMW,Z3,1996,4
386,ultrices erat tortor sollicitudin mi sit amet lobortis sapien sapien,Ford,F-Series Super Duty,2011,1
387,luctus et ultrices posuere cubilia curae nulla dapibus dolor,Kia,Rio,2008,7
388,lorem integer tincidunt ante vel ipsum praesent blandit lacinia,Mercedes-Benz,400E,1993,7
389,pellentesque ultrices phasellus id sapien in sapien iaculis,Dodge,Ram Van 1500,2000,5
390,habitasse platea dictumst maecenas ut massa quis augue,Chevrolet,Express 2500,2010,7
391,praesent blandit lacinia erat vestibulum sed magna at nunc,Nissan,Maxima,2011,4
392,turpis adipiscing lorem vitae mattis nibh ligula nec,Ford,F-Series,1997,4
393,odio elementum eu interdum eu tincidunt in,Buick,Electra,1989,3
394,ultrices erat tortor sollicitudin mi sit amet lobortis sapien,Volkswagen,R32,2009,6
395,natoque penatibus et magnis dis parturient montes nascetur ridiculus mus,Chevrolet,Suburban 1500,2004,6
396,sit amet cursus id turpis integer aliquet massa id,Jeep,Wrangler,2001,3
397,ac leo pellentesque ultrices mattis,Pontiac,Sunbird,1993,2
398,at turpis donec posuere metus vitae ipsum aliquam non,Volvo,XC90,2008,6
399,turpis elementum ligula vehicula consequat morbi,Buick,Park Avenue,1998,1
400,amet justo morbi ut odio cras mi pede,Lotus,Exige,2011,6
401,morbi vel lectus in quam fringilla rhoncus mauris enim leo,Buick,Rainier,2007,4
402,proin risus praesent lectus vestibulum quam sapien varius ut,Nissan,Murano,2003,6
403,ipsum integer a nibh in,Maybach,57,2009,5
404,praesent lectus vestibulum quam sapien,GMC,Sierra 3500,2005,4
405,non mauris morbi non lectus aliquam sit,BMW,X6 M,2011,7
406,sit amet sapien dignissim vestibulum vestibulum ante ipsum primis in,Mazda,626,1986,3
407,metus sapien ut nunc vestibulum ante ipsum primis,Volkswagen,Cabriolet,1989,1
408,ac tellus semper interdum mauris ullamcorper purus,Chrysler,PT Cruiser,2008,7
409,metus aenean fermentum donec ut mauris eget massa tempor,Dodge,Ram 2500 Club,1998,4
410,porta volutpat quam pede lobortis ligula sit amet eleifend pede,Volkswagen,rio,2001,4
411,et ultrices posuere cubilia curae donec pharetra magna vestibulum aliquet,Pontiac,Grand Prix,1966,3
412,cubilia curae donec pharetra magna vestibulum,Dodge,Shadow,1992,5
413,orci vehicula condimentum curabitur in libero ut massa volutpat,Hummer,H1,2004,7
414,sed accumsan felis ut at dolor quis odio consequat,GMC,Sierra 2500,2009,4
415,mattis egestas metus aenean fermentum donec ut,Mitsubishi,L300,1990,4
416,vitae ipsum aliquam non mauris morbi non lectus aliquam,Kia,Sedona,2002,5
417,amet eros suspendisse accumsan tortor quis turpis sed,BMW,5 Series,1995,6
418,curabitur in libero ut massa volutpat convallis morbi,Hyundai,Excel,1993,2
419,pretium quis lectus suspendisse potenti in eleifend quam,Hyundai,XG350,2003,1
420,odio elementum eu interdum eu tincidunt in leo maecenas pulvinar,Chrysler,300M,1999,4
421,adipiscing elit proin interdum mauris non,Chrysler,Imperial,1993,3
422,platea dictumst aliquam augue quam sollicitudin vitae consectetuer eget,Jeep,Liberty,2002,2
423,velit donec diam neque vestibulum eget vulputate ut,Volkswagen,Passat,2012,2
424,eget congue eget semper rutrum,Cadillac,SRX,2012,6
425,sed tincidunt eu felis fusce posuere,Pontiac,Grand Prix,1972,7
426,cum sociis natoque penatibus et magnis dis,Mercedes-Benz,CLK-Class,1999,5
427,vitae quam suspendisse potenti nullam porttitor,Oldsmobile,88,1992,6
428,phasellus in felis donec semper sapien a libero nam,GMC,Savana 3500,2001,1
429,curabitur convallis duis consequat dui nec,Volkswagen,Jetta,2000,2
430,sed ante vivamus tortor duis mattis,Lexus,IS F,2008,2
431,ultrices phasellus id sapien in,Pontiac,Sunfire,2002,6
432,cubilia curae mauris viverra diam vitae quam suspendisse,Oldsmobile,Cutlass Supreme,1997,6
433,nunc donec quis orci eget orci,Chevrolet,Corvette,1958,3
434,sapien ut nunc vestibulum ante ipsum primis in faucibus orci,Chevrolet,Monte Carlo,2004,7
435,cubilia curae duis faucibus accumsan odio,Chevrolet,Express,2012,1
436,cras pellentesque volutpat dui maecenas tristique est et,Mitsubishi,L300,1989,3
437,felis ut at dolor quis odio consequat,Oldsmobile,Bravada,1996,5
438,integer a nibh in quis justo maecenas rhoncus aliquam,Chevrolet,Tracker,2000,1
439,faucibus orci luctus et ultrices posuere cubilia curae nulla dapibus,Cadillac,DeVille,2004,2
440,imperdiet et commodo vulputate justo in,Honda,del Sol,1995,4
441,eget tincidunt eget tempus vel pede morbi porttitor lorem id,Chevrolet,S10 Blazer,1992,1
442,nisl nunc rhoncus dui vel sem sed,Ford,Mustang,1965,4
443,dui maecenas tristique est et,Oldsmobile,Silhouette,1998,7
444,sapien cum sociis natoque penatibus et magnis dis,BMW,M3,2012,4
445,mauris laoreet ut rhoncus aliquet pulvinar sed,Volvo,V50,2008,1
446,congue diam id ornare imperdiet,Lincoln,Navigator,2002,5
447,malesuada in imperdiet et commodo vulputate justo in blandit,Chrysler,Sebring,1996,5
448,mauris non ligula pellentesque ultrices phasellus,Bentley,Continental GTC,2011,7
449,et eros vestibulum ac est lacinia,Fiat,500,2012,7
450,pellentesque ultrices phasellus id sapien in sapien iaculis congue,Land Rover,Freelander,2008,6
451,quisque arcu libero rutrum ac lobortis vel dapibus at,Pontiac,Sunbird,1994,3
452,platea dictumst morbi vestibulum velit id,Ford,GT,2006,4
453,eget elit sodales scelerisque mauris sit,Audi,5000CS,1987,2
454,tincidunt nulla mollis molestie lorem,Volvo,V50,2009,1
455,curae duis faucibus accumsan odio curabitur convallis duis,Aston Martin,V8 Vantage,2010,3
456,vulputate ut ultrices vel augue vestibulum ante,Subaru,B9 Tribeca,2006,7
457,dui nec nisi volutpat eleifend donec ut dolor morbi,Lincoln,Mark VIII,1998,7
458,tincidunt eget tempus vel pede,Ford,E-Series,2005,2
459,quis turpis sed ante vivamus,Hyundai,Veracruz,2008,3
460,primis in faucibus orci luctus et ultrices posuere cubilia curae,Nissan,350Z,2009,4
461,vestibulum sagittis sapien cum sociis,Chevrolet,Malibu,1999,3
462,et ultrices posuere cubilia curae donec pharetra magna vestibulum,Nissan,Titan,2006,5
463,leo odio porttitor id consequat in consequat,GMC,Sonoma,2000,1
464,mi pede malesuada in imperdiet et,Toyota,T100,1993,3
465,et eros vestibulum ac est lacinia nisi venenatis,Dodge,Ram 2500,1995,6
466,suspendisse potenti in eleifend quam a odio in hac,Chevrolet,Vega,1971,7
467,erat tortor sollicitudin mi sit,Cadillac,Escalade EXT,2012,2
468,adipiscing elit proin risus praesent lectus,Honda,Ridgeline,2007,1
469,justo morbi ut odio cras mi pede malesuada,Chevrolet,Camaro,1982,7
470,est et tempus semper est,Lamborghini,Murciélago LP640,2008,5
471,tempus vivamus in felis eu sapien cursus vestibulum proin,Suzuki,Daewoo Lacetti,2005,4
472,sapien placerat ante nulla justo aliquam,Suzuki,Daewoo Magnus,2004,3
473,orci nullam molestie nibh in lectus pellentesque at nulla suspendisse,GMC,1500 Club Coupe,1993,5
474,arcu libero rutrum ac lobortis vel,Chevrolet,Avalanche 2500,2003,2
475,habitasse platea dictumst aliquam augue,Volkswagen,riolet,1992,2
476,non mattis pulvinar nulla pede ullamcorper augue a suscipit nulla,Infiniti,Q,1992,2
477,quam a odio in hac habitasse,Mazda,B-Series,1992,6
478,leo maecenas pulvinar lobortis est phasellus sit amet erat nulla,Chevrolet,Express 2500,2003,2
479,tempus sit amet sem fusce consequat nulla nisl,Chrysler,Cirrus,2000,6
480,mattis nibh ligula nec sem duis aliquam convallis,Hyundai,Sonata,1996,1
481,etiam pretium iaculis justo in hac habitasse platea,Mercedes-Benz,E-Class,1989,7
482,quisque erat eros viverra eget congue eget semper rutrum nulla,Mercury,Grand Marquis,1998,7
483,integer ac neque duis bibendum morbi non,Mazda,626,1999,7
484,enim blandit mi in porttitor pede justo,Porsche,968,1993,6
485,odio in hac habitasse platea dictumst maecenas,GMC,Vandura 3500,1993,5
486,in congue etiam justo etiam pretium iaculis,Volvo,S60,2007,1
487,sed augue aliquam erat volutpat in congue etiam,Chevrolet,Cavalier,2002,4
488,ipsum dolor sit amet consectetuer,Mercedes-Benz,SL-Class,2006,7
489,eu felis fusce posuere felis sed lacus morbi sem mauris,Pontiac,Grand Prix,1998,1
490,sit amet consectetuer adipiscing elit proin,Mitsubishi,Mighty Max Macro,1992,3
491,curae donec pharetra magna vestibulum aliquet,GMC,Jimmy,1998,4
492,tellus nisi eu orci mauris lacinia sapien quis libero,GMC,Sierra Denali,2006,3
493,cum sociis natoque penatibus et magnis dis parturient montes nascetur,Cadillac,SRX,2012,1
494,hac habitasse platea dictumst morbi,Lexus,LX,2009,4
495,tellus in sagittis dui vel nisl,BMW,7 Series,1996,1
496,eleifend quam a odio in hac habitasse,Chevrolet,Cruze,2011,3
497,lacinia erat vestibulum sed magna at nunc commodo placerat,Porsche,Boxster,1997,4
498,aenean sit amet justo morbi ut,Ford,Thunderbird,1972,4
499,lorem vitae mattis nibh ligula nec sem duis,Honda,Civic GX,2003,6
500,erat fermentum justo nec condimentum neque sapien placerat ante,Ford,Mustang,1974,6
501,tristique fusce congue diam id ornare imperdiet sapien urna pretium,Nissan,JUKE,2012,1
502,curae nulla dapibus dolor vel,Volkswagen,Eos,2011,1
503,rutrum rutrum neque aenean auctor gravida sem praesent,Hummer,H2,2008,7
504,iaculis diam erat fermentum justo,Mitsubishi,Chariot,1986,3
505,posuere nonummy integer non velit,Mercury,Cougar,1986,4
506,mauris viverra diam vitae quam suspendisse,Saturn,Relay,2006,3
507,eget nunc donec quis orci eget orci vehicula condimentum,Honda,CR-X,1984,2
508,volutpat erat quisque erat eros viverra eget congue,Jaguar,XJ Series,1996,2
509,ante vestibulum ante ipsum primis,Infiniti,EX,2011,3
510,consequat in consequat ut nulla sed accumsan,Isuzu,Trooper,1999,3
511,penatibus et magnis dis parturient montes,Nissan,350Z,2003,7
512,curae nulla dapibus dolor vel est donec odio,Volvo,S70,1999,3
513,donec pharetra magna vestibulum aliquet ultrices,Chevrolet,Colorado,2006,6
514,ut blandit non interdum in ante vestibulum ante ipsum primis,Bentley,Continental,2008,1
515,nibh fusce lacus purus aliquet at feugiat non pretium quis,Buick,Regal,2003,1
516,ornare imperdiet sapien urna pretium,Toyota,Camry,2001,3
517,eleifend luctus ultricies eu nibh,Volkswagen,Jetta,2004,5
518,faucibus orci luctus et ultrices,Aston Martin,Vantage,2007,1
519,amet consectetuer adipiscing elit proin interdum mauris non ligula pellentesque,Lamborghini,Diablo,1998,3
520,convallis morbi odio odio elementum eu interdum eu tincidunt in,Nissan,Sentra,2006,5
521,penatibus et magnis dis parturient montes nascetur ridiculus,Mercedes-Benz,W126,1983,5
522,sit amet consectetuer adipiscing elit proin risus praesent lectus vestibulum,Buick,Riviera,1987,2
523,iaculis diam erat fermentum justo,Hyundai,Elantra,1995,7
524,tellus nulla ut erat id mauris vulputate,Volkswagen,Cabriolet,1987,3
525,eget vulputate ut ultrices vel,Chrysler,300,1999,5
526,nibh quisque id justo sit amet,Chevrolet,3500,1993,3
527,dui proin leo odio porttitor id consequat in consequat,Ford,E-Series,2007,7
528,penatibus et magnis dis parturient montes nascetur ridiculus mus,Honda,S2000,2007,3
529,pellentesque at nulla suspendisse potenti cras in,Chevrolet,Suburban,2011,3
530,praesent blandit lacinia erat vestibulum sed magna at nunc commodo,Infiniti,FX,2010,5
531,hendrerit at vulputate vitae nisl aenean lectus pellentesque,Kia,Sportage,2009,1
532,vestibulum velit id pretium iaculis,Dodge,Grand Caravan,2003,6
533,quis odio consequat varius integer ac,Nissan,Frontier,2008,5
534,eget orci vehicula condimentum curabitur in libero ut,Ford,Taurus,1999,7
535,ac neque duis bibendum morbi non quam nec dui luctus,Plymouth,Breeze,1996,6
536,ac enim in tempor turpis nec euismod scelerisque,Porsche,Cayman,2007,2
537,ante vivamus tortor duis mattis,Ford,Econoline E250,2002,5
538,aliquam non mauris morbi non lectus aliquam sit amet diam,Lexus,LS,2010,2
539,nulla justo aliquam quis turpis eget elit sodales,Mercedes-Benz,500SEC,1993,6
540,non pretium quis lectus suspendisse potenti in eleifend,Nissan,Sentra,2007,7
541,semper sapien a libero nam dui proin leo,Scion,tC,2013,6
542,quis odio consequat varius integer ac,Chrysler,Sebring,2000,4
543,interdum mauris non ligula pellentesque ultrices phasellus id sapien in,Subaru,XT,1986,5
544,dictumst etiam faucibus cursus urna ut tellus,Panoz,Esperante,2007,4
545,nisi nam ultrices libero non mattis pulvinar nulla pede,Chrysler,300M,1999,3
546,vitae consectetuer eget rutrum at lorem integer tincidunt,Land Rover,Discovery,1996,7
547,at feugiat non pretium quis lectus,Chevrolet,Uplander,2007,3
548,nec nisi vulputate nonummy maecenas tincidunt lacus,Lexus,IS,2010,4
549,ligula suspendisse ornare consequat lectus in est risus auctor,Chevrolet,Express 1500,2009,2
550,ac consequat metus sapien ut nunc vestibulum,Jeep,Liberty,2004,7
551,in quis justo maecenas rhoncus aliquam lacus,Chevrolet,Colorado,2007,5
552,quis lectus suspendisse potenti in,BMW,M5,2008,3
553,in quis justo maecenas rhoncus,Chrysler,Town & Country,2002,4
554,at nunc commodo placerat praesent blandit,Pontiac,G8,2008,7
555,egestas metus aenean fermentum donec ut mauris eget massa tempor,Dodge,Grand Caravan,2002,5
556,pulvinar sed nisl nunc rhoncus dui vel sem sed sagittis,Volkswagen,Golf,1993,6
557,donec diam neque vestibulum eget vulputate,Porsche,944,1991,5
558,rutrum nulla nunc purus phasellus in felis donec semper sapien,Subaru,Legacy,2007,6
559,luctus et ultrices posuere cubilia curae,Chevrolet,Blazer,1999,5
560,sed tincidunt eu felis fusce posuere felis,Chevrolet,G-Series 3500,1997,3
561,ultrices posuere cubilia curae donec pharetra,Buick,Regal,2000,2
562,primis in faucibus orci luctus et ultrices,Pontiac,GTO,1969,6
563,nulla pede ullamcorper augue a suscipit nulla elit ac nulla,Mazda,Mazda3,2012,5
564,vehicula condimentum curabitur in libero ut massa volutpat,Porsche,Cayman,2007,3
565,a suscipit nulla elit ac,Toyota,Camry Hybrid,2008,1
566,scelerisque mauris sit amet eros,Mitsubishi,Raider,2009,3
567,sodales scelerisque mauris sit amet eros suspendisse,Dodge,Ram 1500,2007,2
568,a pede posuere nonummy integer non velit donec,Toyota,Tacoma,1995,3
569,ac leo pellentesque ultrices mattis odio donec vitae nisi,Volkswagen,Cabriolet,1988,6
570,aenean fermentum donec ut mauris eget massa tempor convallis nulla,Ford,Mustang,2013,6
571,pretium iaculis justo in hac habitasse,Dodge,Caravan,1999,5
572,faucibus orci luctus et ultrices posuere cubilia curae donec pharetra,Chevrolet,Tahoe,2007,7
573,scelerisque mauris sit amet eros suspendisse accumsan tortor quis turpis,Dodge,Viper,2000,6
574,neque libero convallis eget eleifend luctus,Oldsmobile,Bravada,2000,5
575,nec nisi vulputate nonummy maecenas,Infiniti,G,2005,3
576,mattis odio donec vitae nisi nam,Hyundai,Tiburon,2003,4
577,nulla justo aliquam quis turpis eget elit sodales scelerisque mauris,Buick,Terraza,2007,2
578,vestibulum ante ipsum primis in faucibus orci luctus et ultrices,Toyota,Solara,1999,2
579,integer a nibh in quis,Nissan,Sentra,2001,7
580,accumsan odio curabitur convallis duis consequat dui,Lincoln,MKS,2012,6
581,integer ac leo pellentesque ultrices mattis odio donec vitae nisi,Nissan,Pathfinder,2004,4
582,sodales sed tincidunt eu felis fusce,Mazda,Navajo,1992,6
583,ut rhoncus aliquet pulvinar sed,Subaru,Legacy,2004,2
584,justo sit amet sapien dignissim vestibulum vestibulum,Buick,Regal,2002,6
585,augue vestibulum rutrum rutrum neque aenean auctor,Chevrolet,Corvette,1959,7
586,dapibus at diam nam tristique tortor eu,Mercury,Marquis,1985,1
587,nibh in quis justo maecenas rhoncus,BMW,7 Series,2005,3
588,augue quam sollicitudin vitae consectetuer eget,Eagle,Summit,1995,4
589,donec dapibus duis at velit eu est congue,Chevrolet,Impala SS,1994,5
590,nunc proin at turpis a pede posuere,Ford,Model T,1909,4
591,nulla ac enim in tempor turpis,Maserati,Biturbo,1984,5
592,interdum mauris ullamcorper purus sit amet nulla,Lotus,Esprit,1990,6
593,eu est congue elementum in hac habitasse platea dictumst,Mitsubishi,Eclipse,2000,1
594,consectetuer adipiscing elit proin interdum mauris non,Nissan,Frontier,2005,3
595,nulla tempus vivamus in felis eu sapien cursus vestibulum proin,Subaru,Tribeca,2012,3
596,vel est donec odio justo sollicitudin ut suscipit a,Toyota,Sienna,2011,5
597,molestie lorem quisque ut erat,Lotus,Esprit,1995,1
598,maecenas tincidunt lacus at velit vivamus vel nulla eget,Mercedes-Benz,E-Class,1989,3
599,imperdiet et commodo vulputate justo in,Mercury,Grand Marquis,1985,6
600,gravida nisi at nibh in hac habitasse,Infiniti,J,1993,1
601,in hac habitasse platea dictumst etiam faucibus cursus urna,Mitsubishi,Mighty Max,1992,2
602,proin interdum mauris non ligula,Chrysler,Cirrus,1997,3
603,nulla suscipit ligula in lacus curabitur at,Ford,Explorer,2001,4
604,in purus eu magna vulputate luctus cum sociis,Chevrolet,Express 2500,1998,4
605,sem fusce consequat nulla nisl nunc nisl duis,Isuzu,Space,1992,2
606,ultrices posuere cubilia curae nulla dapibus dolor vel est donec,GMC,Suburban 2500,1993,6
607,vehicula condimentum curabitur in libero,Ford,Excursion,2000,5
608,pede justo eu massa donec dapibus,Volvo,S40,2009,5
609,eget congue eget semper rutrum nulla nunc purus phasellus,Ford,E-Series,2009,1
610,aliquam erat volutpat in congue etiam,Ford,Torino,1970,4
611,blandit nam nulla integer pede justo lacinia eget tincidunt eget,Dodge,Aspen,1976,6
612,congue etiam justo etiam pretium,Infiniti,QX,2000,6
613,est phasellus sit amet erat nulla tempus vivamus,Ford,Aspire,1996,1
614,in faucibus orci luctus et ultrices posuere cubilia curae,Lexus,LS Hybrid,2010,4
615,blandit non interdum in ante vestibulum ante,Acura,Legend,1995,7
616,orci luctus et ultrices posuere cubilia curae mauris viverra diam,BMW,3 Series,2005,2
617,nulla ultrices aliquet maecenas leo odio condimentum id,Buick,Park Avenue,1996,3
618,hac habitasse platea dictumst morbi vestibulum velit id pretium iaculis,Jeep,Wrangler,2006,2
619,felis ut at dolor quis odio consequat varius integer,Pontiac,Bonneville,1985,2
620,id luctus nec molestie sed justo pellentesque,Lexus,IS F,2011,4
621,est risus auctor sed tristique in,Mazda,Millenia,1995,5
622,sit amet sem fusce consequat nulla nisl nunc nisl,Chevrolet,Corvette,2011,6
623,justo sit amet sapien dignissim vestibulum vestibulum,Pontiac,Firebird,1988,2
624,turpis enim blandit mi in porttitor pede justo,Honda,CR-V,1997,2
625,placerat praesent blandit nam nulla integer pede justo,Hummer,H3T,2009,4
626,et ultrices posuere cubilia curae,Mercury,Cougar,1984,2
627,dictumst maecenas ut massa quis augue luctus tincidunt nulla mollis,Toyota,Sequoia,2006,4
628,ipsum praesent blandit lacinia erat vestibulum sed magna,Jaguar,XF,2012,5
629,fusce consequat nulla nisl nunc nisl duis,Maserati,Biturbo,1986,6
630,augue vestibulum ante ipsum primis in faucibus orci luctus et,Lexus,GS,2010,2
631,consequat metus sapien ut nunc vestibulum ante ipsum primis,Cadillac,Seville,1994,2
632,id ornare imperdiet sapien urna pretium nisl ut volutpat,Saab,9-7X,2008,5
633,elementum pellentesque quisque porta volutpat erat,Infiniti,J,1997,4
634,felis fusce posuere felis sed,Jeep,Liberty,2005,3
635,ac enim in tempor turpis nec euismod scelerisque quam turpis,Audi,Cabriolet,1995,7
636,montes nascetur ridiculus mus vivamus vestibulum sagittis sapien cum,Lincoln,Continental,1984,7
637,dapibus augue vel accumsan tellus,Saturn,Astra,2009,6
638,amet turpis elementum ligula vehicula consequat,Jaguar,XJ Series,1993,1
639,libero nam dui proin leo odio porttitor id,Pontiac,Montana,2000,1
640,tempor turpis nec euismod scelerisque quam turpis adipiscing,Dodge,Ram 2500,1994,2
641,non mi integer ac neque,Dodge,Ram Van 1500,2001,6
642,imperdiet sapien urna pretium nisl ut volutpat sapien arcu,Mercedes-Benz,S-Class,1984,5
643,vel nulla eget eros elementum pellentesque quisque porta,Volkswagen,Corrado,1994,2
644,felis sed lacus morbi sem mauris laoreet ut rhoncus aliquet,Mazda,Miata MX-5,1999,6
645,sit amet erat nulla tempus vivamus in felis,Cadillac,SRX,2010,2
646,libero ut massa volutpat convallis morbi,Mazda,Tribute,2002,1
647,ipsum praesent blandit lacinia erat,Dodge,Viper,1996,5
648,consectetuer eget rutrum at lorem integer tincidunt ante vel,Mercury,Topaz,1986,7
649,morbi a ipsum integer a nibh in quis,Mazda,MX-6,1990,1
650,nisl ut volutpat sapien arcu sed augue aliquam erat,Chrysler,Sebring,2000,3
651,turpis eget elit sodales scelerisque mauris,Toyota,Supra,1994,1
652,suspendisse potenti nullam porttitor lacus at,Daewoo,Lanos,1999,4
653,tempus semper est quam pharetra magna ac consequat metus sapien,Toyota,Tacoma Xtra,2003,6
654,vitae nisl aenean lectus pellentesque eget,Mercedes-Benz,M-Class,2000,6
655,tempus sit amet sem fusce consequat,Dodge,Ram Van 2500,1998,5
656,sem duis aliquam convallis nunc proin at turpis,GMC,Yukon XL 2500,2008,1
657,sed augue aliquam erat volutpat in congue etiam,Infiniti,FX,2012,3
658,ut blandit non interdum in ante vestibulum ante ipsum primis,Dodge,Charger,2011,2
659,et ultrices posuere cubilia curae duis faucibus accumsan,Mitsubishi,Starion,1984,7
660,erat vestibulum sed magna at nunc commodo placerat praesent blandit,Ford,E150,2009,4
661,sociis natoque penatibus et magnis dis parturient montes nascetur,Nissan,Frontier,2007,6
662,ligula suspendisse ornare consequat lectus in est risus auctor sed,Chevrolet,Camaro,1973,7
663,vestibulum aliquet ultrices erat tortor sollicitudin,Oldsmobile,88,1994,1
664,pede libero quis orci nullam molestie nibh in lectus pellentesque,Bentley,Continental GT,2008,4
665,non pretium quis lectus suspendisse potenti,Saab,9000,1990,3
666,lacinia erat vestibulum sed magna at,Lexus,IS,2008,5
667,curabitur at ipsum ac tellus semper,Kia,Spectra,2005,6
668,suspendisse potenti nullam porttitor lacus at turpis donec,Ford,F150,2005,1
669,quam a odio in hac habitasse platea,Ford,Mustang,2002,7
670,lorem id ligula suspendisse ornare consequat,Subaru,Impreza,2000,6
671,nulla quisque arcu libero rutrum,GMC,Savana 3500,2006,4
672,ipsum ac tellus semper interdum,Isuzu,Stylus,1993,7
673,lectus pellentesque eget nunc donec,Pontiac,6000,1984,1
674,duis consequat dui nec nisi,Dodge,Ram 1500,2002,3
675,rutrum rutrum neque aenean auctor gravida sem praesent id,Honda,Insight,2002,5
676,condimentum id luctus nec molestie sed justo,Mazda,Mazda6,2004,4
677,porta volutpat erat quisque erat,Ford,Expedition,2009,6
678,adipiscing molestie hendrerit at vulputate vitae,Pontiac,GTO,1964,7
679,mi integer ac neque duis bibendum morbi,Toyota,4Runner,2004,6
680,id massa id nisl venenatis,Volkswagen,CC,2009,6
681,parturient montes nascetur ridiculus mus,Aston Martin,DB9,2011,7
682,ut rhoncus aliquet pulvinar sed nisl nunc rhoncus dui vel,Lincoln,MKX,2008,5
683,rutrum neque aenean auctor gravida sem praesent,Ford,Explorer,2007,6
684,orci vehicula condimentum curabitur in libero ut massa volutpat convallis,GMC,Safari,1994,3
685,nulla justo aliquam quis turpis eget elit,Ford,Festiva,1988,1
686,eget tincidunt eget tempus vel pede morbi,Ford,F250,1992,3
687,lobortis convallis tortor risus dapibus augue vel accumsan tellus,Hyundai,Tucson,2012,1
688,suscipit ligula in lacus curabitur at ipsum ac,Nissan,Maxima,1993,6
689,ut erat curabitur gravida nisi at nibh in hac habitasse,Buick,Electra,1988,4
690,justo sit amet sapien dignissim vestibulum vestibulum ante,Ford,Courier,1989,6
691,eget tincidunt eget tempus vel pede morbi porttitor lorem,Saturn,L-Series,2002,1
692,pellentesque quisque porta volutpat erat quisque erat eros,Chevrolet,Sportvan G30,1995,5
693,potenti cras in purus eu magna vulputate,Audi,A3,2006,6
694,leo maecenas pulvinar lobortis est phasellus sit amet erat,Saab,9-3,2002,7
695,habitasse platea dictumst aliquam augue quam sollicitudin,Buick,Skyhawk,1986,6
696,nisl ut volutpat sapien arcu sed augue,Chevrolet,Cavalier,1994,6
697,diam neque vestibulum eget vulputate ut ultrices vel augue vestibulum,Ford,E-Series,2002,6
698,nam dui proin leo odio porttitor id consequat,Nissan,Frontier,2010,5
699,commodo placerat praesent blandit nam nulla integer pede,Plymouth,Grand Voyager,1998,1
700,varius integer ac leo pellentesque ultrices mattis odio donec vitae,Mitsubishi,3000GT,1993,6
701,ac enim in tempor turpis,Toyota,RAV4,2001,3
702,odio condimentum id luctus nec molestie sed,Ford,Explorer Sport Trac,2009,2
703,dignissim vestibulum vestibulum ante ipsum primis in faucibus orci,Saturn,L-Series,2004,2
704,purus sit amet nulla quisque arcu,Dodge,Journey,2011,5
705,eget tincidunt eget tempus vel,Chrysler,Sebring,1996,6
706,duis at velit eu est,Mercedes-Benz,SLK-Class,2008,5
707,consequat morbi a ipsum integer a nibh in,Ford,E150,2010,6
708,pede justo eu massa donec dapibus duis at,Mercedes-Benz,SL-Class,2012,7
709,integer a nibh in quis justo,Mitsubishi,3000GT,1999,4
710,nam dui proin leo odio porttitor id consequat in,Mitsubishi,Galant,1991,1
711,tempor turpis nec euismod scelerisque quam turpis adipiscing lorem,Mazda,Mazda6,2011,6
712,rutrum rutrum neque aenean auctor gravida,Hyundai,Tucson,2008,2
713,sapien non mi integer ac neque,Cadillac,Brougham,1992,4
714,et ultrices posuere cubilia curae duis faucibus accumsan,Plymouth,Neon,1997,6
715,vestibulum eget vulputate ut ultrices vel augue,Mercury,Villager,1997,1
716,fringilla rhoncus mauris enim leo rhoncus sed,BMW,M3,1995,4
717,vulputate luctus cum sociis natoque penatibus et magnis dis parturient,Chevrolet,Equinox,2005,7
718,nulla integer pede justo lacinia,Toyota,Sequoia,2008,7
719,nunc commodo placerat praesent blandit nam nulla,Dodge,Durango,1999,5
720,erat nulla tempus vivamus in felis eu sapien cursus vestibulum,Toyota,Corolla,2009,4
721,rutrum rutrum neque aenean auctor,Nissan,Altima,2001,5
722,pede ullamcorper augue a suscipit,Saturn,Aura,2009,2
723,amet nunc viverra dapibus nulla suscipit ligula in lacus,Maserati,Quattroporte,2011,1
724,libero convallis eget eleifend luctus ultricies eu,Honda,Element,2008,5
725,ultrices libero non mattis pulvinar nulla,Plymouth,Breeze,1997,4
726,venenatis tristique fusce congue diam,Pontiac,Grand Prix,1986,1
727,orci nullam molestie nibh in lectus pellentesque at nulla suspendisse,Audi,A8,1997,4
728,tellus semper interdum mauris ullamcorper purus sit amet,BMW,3 Series,1993,4
729,maecenas pulvinar lobortis est phasellus sit amet erat nulla,Nissan,Xterra,2004,7
730,tempus sit amet sem fusce consequat nulla nisl nunc,Chrysler,Fifth Ave,1993,6
731,consectetuer adipiscing elit proin interdum mauris non ligula pellentesque,Mazda,Miata MX-5,2012,7
732,ante nulla justo aliquam quis turpis eget elit,Jaguar,XJ,2006,2
733,lacinia aenean sit amet justo,Mercury,Sable,2001,5
734,volutpat eleifend donec ut dolor morbi,Mercury,Sable,2000,4
735,lorem ipsum dolor sit amet,Saab,9-4X,2011,2
736,vel enim sit amet nunc viverra dapibus,Volvo,S80,2007,6
737,vestibulum proin eu mi nulla ac,Volvo,XC90,2006,4
738,ante ipsum primis in faucibus,Land Rover,Freelander,2002,2
739,pede justo lacinia eget tincidunt eget,Pontiac,LeMans,1988,5
740,sapien arcu sed augue aliquam erat volutpat in congue etiam,Ford,Econoline E350,2001,5
741,in libero ut massa volutpat convallis morbi odio,Maybach,Landaulet,2009,2
742,ipsum praesent blandit lacinia erat vestibulum sed magna,Pontiac,GTO,1972,7
743,nam ultrices libero non mattis pulvinar,GMC,Savana,2011,6
744,posuere cubilia curae mauris viverra diam,Dodge,Grand Caravan,2008,3
745,nullam molestie nibh in lectus pellentesque at nulla suspendisse potenti,Lexus,SC,2000,3
746,aenean sit amet justo morbi ut odio,Morgan,Aero 8,2009,3
747,potenti nullam porttitor lacus at turpis donec,Mercedes-Benz,S-Class,1992,3
748,luctus nec molestie sed justo pellentesque viverra,Ford,F-Series,1992,1
749,volutpat quam pede lobortis ligula sit amet eleifend,Buick,Regal,2003,7
750,ut massa quis augue luctus tincidunt nulla,Volkswagen,R32,2009,5
751,magna vulputate luctus cum sociis,Ford,Ranger,2005,2
752,augue vel accumsan tellus nisi eu orci mauris lacinia,Subaru,Baja,2005,7
753,justo pellentesque viverra pede ac diam,Suzuki,SX4,2010,5
754,odio porttitor id consequat in consequat,Hyundai,Elantra,1998,5
755,amet turpis elementum ligula vehicula consequat morbi a ipsum integer,Lotus,Esprit,2003,6
756,tincidunt ante vel ipsum praesent blandit,Buick,Century,2000,6
757,justo in hac habitasse platea dictumst etiam faucibus,Toyota,Highlander,2002,3
758,luctus tincidunt nulla mollis molestie lorem,Chevrolet,Suburban 2500,1992,3
759,enim leo rhoncus sed vestibulum sit amet cursus id turpis,Geo,Tracker,1995,3
760,lorem ipsum dolor sit amet,Mazda,MX-5,2006,3
761,mattis nibh ligula nec sem duis aliquam convallis,Mazda,MX-6,1988,3
762,nulla ultrices aliquet maecenas leo odio condimentum,Pontiac,Grand Am,2002,7
763,nibh in quis justo maecenas rhoncus aliquam lacus morbi quis,Nissan,Xterra,2011,6
764,congue eget semper rutrum nulla nunc purus,Saab,9-3,2003,1
765,vitae consectetuer eget rutrum at,Daewoo,Leganza,1999,3
766,nulla tempus vivamus in felis,Volkswagen,Cabriolet,1998,2
767,cubilia curae mauris viverra diam vitae quam suspendisse,Pontiac,LeMans,1966,2
768,diam erat fermentum justo nec condimentum neque sapien,Subaru,Impreza,2004,7
769,proin at turpis a pede posuere nonummy,Dodge,Challenger,2011,6
770,blandit lacinia erat vestibulum sed magna at nunc,Maybach,57,2008,6
771,metus sapien ut nunc vestibulum ante ipsum primis in,Honda,Accord,1994,7
772,nulla dapibus dolor vel est donec odio justo,Suzuki,Vitara,2000,1
773,pretium quis lectus suspendisse potenti in eleifend quam a odio,Kia,Sephia,1995,5
774,rutrum at lorem integer tincidunt ante,Chrysler,300M,2003,3
775,sollicitudin vitae consectetuer eget rutrum,Mercury,Cougar,2000,1
776,hac habitasse platea dictumst maecenas,Honda,S2000,2007,7
777,in faucibus orci luctus et ultrices posuere cubilia curae,Acura,NSX,2000,3
778,neque duis bibendum morbi non quam nec dui luctus,Lincoln,Town Car,2009,5
779,consequat dui nec nisi volutpat,BMW,8 Series,1996,4
780,pellentesque volutpat dui maecenas tristique est et tempus semper,Dodge,Colt,1989,3
781,non pretium quis lectus suspendisse potenti in,Aptera,Type-1h,2010,4
782,justo pellentesque viverra pede ac diam cras pellentesque volutpat dui,Mitsubishi,Expo,1995,2
783,amet lobortis sapien sapien non mi integer ac neque duis,GMC,Sierra,2009,6
784,felis ut at dolor quis,Honda,Accord,1996,3
785,est phasellus sit amet erat nulla,Mercury,Grand Marquis,2011,7
786,nullam molestie nibh in lectus pellentesque at nulla,Lincoln,Navigator,2012,1
787,lacus at velit vivamus vel nulla eget eros elementum pellentesque,Acura,CL,1998,2
788,amet eleifend pede libero quis orci,Chevrolet,Cobalt,2008,1
789,nibh fusce lacus purus aliquet at feugiat non pretium quis,Volkswagen,Vanagon,1984,7
790,cubilia curae nulla dapibus dolor,Mercury,Capri,1993,6
791,vehicula consequat morbi a ipsum integer a nibh in quis,Toyota,Corolla,1998,3
792,id ligula suspendisse ornare consequat lectus,Honda,Accord,2009,6
793,enim in tempor turpis nec,Nissan,Altima,1996,7
794,mi nulla ac enim in tempor turpis nec euismod,Toyota,4Runner,2009,7
795,nunc rhoncus dui vel sem sed sagittis,BMW,3 Series,2001,5
796,quis augue luctus tincidunt nulla,Dodge,Daytona,1984,4
797,arcu libero rutrum ac lobortis,Ford,Ranger,2008,1
798,massa quis augue luctus tincidunt nulla mollis,Subaru,Loyale,1990,6
799,donec pharetra magna vestibulum aliquet ultrices erat tortor,Hyundai,Tiburon,2005,5
800,scelerisque mauris sit amet eros suspendisse accumsan tortor quis turpis,Chevrolet,Blazer,1997,7
801,sem praesent id massa id nisl,Chevrolet,Corvette,1993,5
802,volutpat convallis morbi odio odio,Ford,Thunderbird,1991,1
803,luctus nec molestie sed justo,GMC,Rally Wagon 1500,1993,5
804,adipiscing lorem vitae mattis nibh ligula nec sem,GMC,Yukon XL 2500,2003,6
805,fringilla rhoncus mauris enim leo rhoncus sed,Ford,Taurus,1993,6
806,justo etiam pretium iaculis justo in hac,Ford,E150,2007,5
807,ultrices erat tortor sollicitudin mi,Toyota,FJ Cruiser,2007,7
808,quisque ut erat curabitur gravida nisi at nibh in,Lexus,GX,2004,1
809,quam sapien varius ut blandit non interdum in ante,Ford,Mustang,1999,6
810,vestibulum ac est lacinia nisi venenatis tristique,Chevrolet,1500,1999,3
811,metus aenean fermentum donec ut mauris eget massa,Mercedes-Benz,SL-Class,1993,2
812,platea dictumst aliquam augue quam sollicitudin vitae consectetuer,Chrysler,Sebring,2004,3
813,pulvinar lobortis est phasellus sit amet erat nulla tempus,GMC,1500 Club Coupe,1999,7
814,elit proin risus praesent lectus vestibulum quam sapien,Audi,4000s,1985,3
815,amet cursus id turpis integer aliquet massa id lobortis,Buick,Coachbuilder,1993,2
816,sit amet justo morbi ut odio cras mi,Chevrolet,SSR,2004,6
817,sapien non mi integer ac neque duis bibendum morbi non,Ford,Explorer,1994,1
818,sodales sed tincidunt eu felis,Smart,Fortwo,2011,2
819,tempor turpis nec euismod scelerisque quam,Toyota,4Runner,2002,3
820,elementum pellentesque quisque porta volutpat erat quisque erat eros viverra,Chevrolet,Suburban 2500,2011,2
821,erat fermentum justo nec condimentum neque,Ford,Crown Victoria,1999,2
822,sit amet nunc viverra dapibus nulla suscipit ligula in,Audi,S8,2008,4
823,vestibulum proin eu mi nulla ac enim in tempor,Lincoln,Continental,1986,2
824,nec condimentum neque sapien placerat ante nulla justo aliquam quis,Volkswagen,Eurovan,1995,3
825,sapien cum sociis natoque penatibus et,Toyota,Matrix,2003,4
826,ipsum primis in faucibus orci luctus et ultrices posuere,Volkswagen,New Beetle,2001,5
827,id ligula suspendisse ornare consequat lectus in est risus,Honda,Pilot,2011,4
828,in magna bibendum imperdiet nullam orci pede venenatis,Cadillac,STS,2007,6
829,sem fusce consequat nulla nisl nunc nisl duis bibendum,Saturn,L-Series,2005,7
830,magna vulputate luctus cum sociis,GMC,Vandura 3500,1994,2
831,curabitur gravida nisi at nibh in hac habitasse platea,BMW,600,1959,1
832,est phasellus sit amet erat,Mazda,Mazdaspeed 3,2007,7
833,elementum pellentesque quisque porta volutpat erat,Eagle,Vision,1993,6
834,sed lacus morbi sem mauris laoreet ut rhoncus aliquet,GMC,Safari,2005,3
835,cubilia curae mauris viverra diam vitae,Geo,Metro,1997,7
836,aenean auctor gravida sem praesent,Audi,TT,2006,3
837,libero quis orci nullam molestie nibh,Bentley,Continental GT,2010,2
838,sed tincidunt eu felis fusce posuere felis sed lacus,Land Rover,Discovery,2010,7
839,justo in hac habitasse platea dictumst etiam faucibus,Chevrolet,1500,1998,5
840,venenatis non sodales sed tincidunt eu,Scion,xD,2011,5
841,vestibulum proin eu mi nulla ac enim in tempor,BMW,550,2006,1
842,auctor gravida sem praesent id,Ford,F150,2011,7
843,nisl nunc nisl duis bibendum felis sed,Volkswagen,GTI,1991,4
844,dapibus dolor vel est donec odio justo sollicitudin ut,Mitsubishi,L300,1989,4
845,id sapien in sapien iaculis congue vivamus metus arcu,Kia,Sportage,1999,7
846,nulla mollis molestie lorem quisque ut,Geo,Prizm,1997,4
847,sed magna at nunc commodo placerat praesent blandit nam,Lexus,CT,2011,4
848,magna at nunc commodo placerat,Dodge,Challenger,2012,4
849,sem sed sagittis nam congue risus,Chevrolet,S10,2003,7
850,purus phasellus in felis donec,Dodge,Colt,1994,5
851,non sodales sed tincidunt eu felis fusce,GMC,Yukon XL 1500,2000,2
852,ante ipsum primis in faucibus orci luctus,Dodge,Grand Caravan,2000,3
853,nisi at nibh in hac habitasse platea dictumst,GMC,Suburban 1500,1998,4
854,suspendisse accumsan tortor quis turpis sed,Pontiac,GTO,1968,1
855,tristique fusce congue diam id,Lexus,IS,2011,4
856,nulla justo aliquam quis turpis eget elit sodales scelerisque,Mercury,Grand Marquis,2000,2
857,platea dictumst aliquam augue quam,Hyundai,Tucson,2005,3
858,ligula in lacus curabitur at ipsum ac tellus,Lexus,IS,2011,3
859,lectus aliquam sit amet diam in magna bibendum,GMC,Savana,2008,4
860,mauris ullamcorper purus sit amet nulla quisque,Isuzu,Rodeo,1994,6
861,porta volutpat quam pede lobortis ligula,Chevrolet,G-Series G20,1992,7
862,lacinia erat vestibulum sed magna at nunc,Mazda,Miata MX-5,2007,4
863,justo aliquam quis turpis eget,Lexus,SC,1996,1
864,blandit nam nulla integer pede justo lacinia eget,Honda,Accord,1989,4
865,eu mi nulla ac enim in tempor turpis nec euismod,Volkswagen,Fox,1993,5
866,auctor gravida sem praesent id massa id nisl venenatis,Chrysler,Crossfire,2005,1
867,id sapien in sapien iaculis congue vivamus metus arcu,Buick,Skylark,1997,1
868,proin at turpis a pede posuere,Volkswagen,Jetta,1985,1
869,sed augue aliquam erat volutpat,Ford,F-Series,1985,5
870,interdum mauris ullamcorper purus sit amet nulla quisque arcu,Mitsubishi,Lancer,2007,2
871,tincidunt nulla mollis molestie lorem quisque ut erat,BMW,760,2004,6
872,interdum in ante vestibulum ante ipsum,Volkswagen,Jetta,2004,3
873,luctus et ultrices posuere cubilia curae mauris viverra diam vitae,Cadillac,SRX,2009,5
874,in faucibus orci luctus et ultrices posuere cubilia curae donec,Subaru,Impreza,1999,2
875,id nisl venenatis lacinia aenean sit amet justo,Mitsubishi,Outlander,2006,5
876,arcu adipiscing molestie hendrerit at vulputate,Chevrolet,Suburban 2500,1997,7
877,in hac habitasse platea dictumst maecenas ut massa quis augue,Saturn,Sky,2008,2
878,id sapien in sapien iaculis congue vivamus metus arcu,Pontiac,Firebird Formula,1999,3
879,dictumst aliquam augue quam sollicitudin vitae,Mercury,Grand Marquis,2004,3
880,nisi eu orci mauris lacinia sapien quis,GMC,Savana 2500,2007,2
881,duis faucibus accumsan odio curabitur convallis duis consequat dui,Hyundai,Tiburon,1997,1
882,sed vel enim sit amet nunc,Suzuki,Grand Vitara,2010,1
883,varius ut blandit non interdum in,Alfa Romeo,164,1995,1
884,nulla neque libero convallis eget eleifend luctus ultricies,Chevrolet,Astro,1994,2
885,molestie hendrerit at vulputate vitae nisl aenean lectus pellentesque eget,Kia,Rio,2008,5
886,cursus vestibulum proin eu mi nulla ac enim in,Porsche,911,1996,3
887,sed sagittis nam congue risus semper,Ford,Explorer,2008,1
888,in hac habitasse platea dictumst,Mitsubishi,Lancer Evolution,2002,3
889,dictumst maecenas ut massa quis augue luctus,Mazda,MX-6,1990,4
890,enim leo rhoncus sed vestibulum,Chevrolet,Sportvan G30,1995,5
891,ornare imperdiet sapien urna pretium nisl ut,BMW,530,2001,4
892,lectus pellentesque eget nunc donec quis orci eget,Mercury,Grand Marquis,1994,7
893,augue vestibulum ante ipsum primis in faucibus orci luctus,Honda,Ridgeline,2007,1
894,justo sollicitudin ut suscipit a feugiat,Dodge,Daytona,1992,1
895,in tempor turpis nec euismod scelerisque quam turpis adipiscing,Ford,Crown Victoria,2002,6
896,quis tortor id nulla ultrices aliquet maecenas leo,Oldsmobile,98,1993,7
897,cubilia curae mauris viverra diam,Dodge,Ram Van 1500,2000,1
898,curae duis faucibus accumsan odio curabitur convallis,Pontiac,Grand Am,1998,7
899,odio porttitor id consequat in consequat ut nulla sed,Ford,Escape,2013,1
900,ante vel ipsum praesent blandit lacinia,Mercedes-Benz,W201,1990,3
901,tortor id nulla ultrices aliquet maecenas leo odio,GMC,Yukon XL 2500,2002,1
902,tempor turpis nec euismod scelerisque quam turpis adipiscing,Land Rover,Range Rover,1986,1
903,ante vel ipsum praesent blandit lacinia erat,GMC,Sierra 2500,2008,5
904,pede ullamcorper augue a suscipit nulla elit,Pontiac,Grand Prix,1991,4
905,sed accumsan felis ut at dolor,Mazda,323,1995,3
906,leo pellentesque ultrices mattis odio donec vitae nisi,Ford,Fusion,2008,5
907,ultrices mattis odio donec vitae nisi nam ultrices,Saturn,S-Series,1992,3
908,vehicula consequat morbi a ipsum integer a nibh in quis,Porsche,911,1986,3
909,velit vivamus vel nulla eget eros elementum pellentesque quisque,Dodge,Ram Wagon B150,1992,1
910,sapien placerat ante nulla justo aliquam quis,Volvo,850,1993,4
911,morbi sem mauris laoreet ut rhoncus aliquet,Chevrolet,SSR,2005,2
912,ante vivamus tortor duis mattis,Mitsubishi,Lancer,2004,1
913,vel nisl duis ac nibh fusce,Toyota,4Runner,2011,7
914,gravida sem praesent id massa id nisl venenatis lacinia,Porsche,911,2013,2
915,morbi ut odio cras mi pede malesuada in,Mazda,929,1989,5
916,sed justo pellentesque viverra pede ac diam cras,Chevrolet,G-Series G10,1992,2
917,natoque penatibus et magnis dis parturient montes,Cadillac,CTS,2006,3
918,et ultrices posuere cubilia curae donec pharetra magna vestibulum aliquet,Dodge,Ram,2007,1
919,magna vulputate luctus cum sociis natoque penatibus et,Kia,Sportage,2009,1
920,pede justo lacinia eget tincidunt eget tempus vel pede,Mercedes-Benz,S-Class,1984,6
921,vel pede morbi porttitor lorem id,Pontiac,Grand Am,1993,7
922,nibh in lectus pellentesque at nulla,Mazda,MX-5,1994,3
923,metus vitae ipsum aliquam non mauris,GMC,3500,1993,1
924,posuere cubilia curae donec pharetra magna vestibulum aliquet ultrices,Chevrolet,Silverado 1500,2001,2
925,ante vestibulum ante ipsum primis in faucibus orci luctus et,Toyota,Corolla,1994,1
926,nam nulla integer pede justo lacinia eget tincidunt,Ford,Ranger,1989,5
927,ante nulla justo aliquam quis turpis,Buick,Reatta,1990,3
928,nulla suscipit ligula in lacus curabitur at,Nissan,Frontier,2003,5
929,eleifend pede libero quis orci nullam molestie nibh in lectus,Ford,Econoline E350,1992,6
930,massa donec dapibus duis at velit eu,Volvo,XC90,2006,7
931,tortor quis turpis sed ante vivamus tortor duis,Buick,LaCrosse,2012,7
932,posuere cubilia curae nulla dapibus dolor vel est donec odio,Infiniti,J,1997,3
933,faucibus accumsan odio curabitur convallis duis,Mercedes-Benz,SL-Class,1993,1
934,dapibus duis at velit eu est congue elementum in hac,Volkswagen,New Beetle,2010,3
935,posuere metus vitae ipsum aliquam non,Nissan,Titan,2010,2
936,imperdiet sapien urna pretium nisl ut,Lexus,LS,2002,4
937,eu interdum eu tincidunt in leo maecenas,Pontiac,Sunbird,1988,2
938,aliquam quis turpis eget elit sodales scelerisque mauris sit amet,Buick,Electra,1988,2
939,nonummy maecenas tincidunt lacus at velit vivamus,Mitsubishi,Galant,1988,5
940,ornare consequat lectus in est risus auctor sed tristique in,Audi,S4,2000,2
941,a feugiat et eros vestibulum ac est lacinia,Saturn,L-Series,2001,6
942,vel est donec odio justo sollicitudin ut suscipit a,Dodge,Dakota Club,1992,2
943,justo maecenas rhoncus aliquam lacus morbi quis tortor id nulla,Mazda,626,1996,6
944,vitae consectetuer eget rutrum at lorem integer tincidunt ante vel,Ford,Crown Victoria,2006,3
945,in libero ut massa volutpat convallis morbi odio odio,Dodge,Monaco,1992,6
946,ac nibh fusce lacus purus aliquet at feugiat non pretium,Pontiac,Grand Am,2000,2
947,sit amet erat nulla tempus vivamus in,Lincoln,Mark VIII,1995,4
948,curae mauris viverra diam vitae quam suspendisse potenti nullam,Dodge,Caravan,2006,3
949,vel nisl duis ac nibh fusce lacus purus,Lexus,RX Hybrid,2006,1
950,morbi ut odio cras mi pede malesuada in imperdiet et,Chevrolet,Silverado 1500,2000,1
951,placerat ante nulla justo aliquam,Maybach,Landaulet,2009,4
952,fringilla rhoncus mauris enim leo rhoncus sed vestibulum,Toyota,TundraMax,2008,1
953,iaculis congue vivamus metus arcu adipiscing molestie,Mitsubishi,Galant,1988,4
954,scelerisque mauris sit amet eros suspendisse accumsan tortor quis,Audi,Q5,2010,3
955,ipsum ac tellus semper interdum mauris ullamcorper,Dodge,Dynasty,1993,1
956,bibendum felis sed interdum venenatis turpis,Audi,S4,2002,6
957,bibendum felis sed interdum venenatis,Audi,A8,2001,1
958,amet eros suspendisse accumsan tortor,Oldsmobile,Cutlass,1999,3
959,integer pede justo lacinia eget tincidunt eget tempus,Ferrari,430 Scuderia,2009,6
960,ut erat id mauris vulputate elementum,Ford,Econoline E150,2002,1
961,luctus et ultrices posuere cubilia curae mauris viverra diam,Toyota,Celica,1976,4
962,pulvinar sed nisl nunc rhoncus dui,Audi,Q7,2009,7
963,fusce consequat nulla nisl nunc nisl duis bibendum felis,Ford,Thunderbird,1997,1
964,at dolor quis odio consequat varius integer,Honda,Element,2008,2
965,et ultrices posuere cubilia curae nulla dapibus dolor,Jeep,Grand Cherokee,1999,4
966,sapien ut nunc vestibulum ante ipsum primis in faucibus,Ford,Bronco,1991,1
967,vehicula condimentum curabitur in libero ut,GMC,Savana 2500,1997,2
968,nec molestie sed justo pellentesque viverra pede ac diam cras,Mazda,B-Series,1986,5
969,nulla quisque arcu libero rutrum ac lobortis vel dapibus at,Lotus,Exige,2008,3
970,semper interdum mauris ullamcorper purus sit amet nulla,Acura,NSX,1995,2
971,eu felis fusce posuere felis sed lacus morbi sem,Kia,Spectra,2008,2
972,nulla dapibus dolor vel est donec,Mercedes-Benz,SL-Class,1987,1
973,curae donec pharetra magna vestibulum,Mitsubishi,Montero,2004,1
974,accumsan tellus nisi eu orci mauris lacinia sapien quis,Ford,Fairlane,1965,3
975,mauris eget massa tempor convallis nulla,Chevrolet,Impala,2003,1
976,nam dui proin leo odio porttitor,Honda,del Sol,1993,2
977,sapien cursus vestibulum proin eu,Lexus,LS,2006,1
978,donec semper sapien a libero nam dui proin leo odio,Porsche,911,2000,7
979,venenatis non sodales sed tincidunt eu felis fusce,Bentley,Continental Super,2010,1
980,in leo maecenas pulvinar lobortis est phasellus sit amet erat,Bentley,Arnage,2005,6
981,nec molestie sed justo pellentesque viverra pede,Ford,Mustang,1998,1
982,sapien varius ut blandit non interdum in ante vestibulum ante,Chevrolet,Silverado 3500,2004,5
983,neque vestibulum eget vulputate ut ultrices vel,Kia,Rio,2004,1
984,nunc vestibulum ante ipsum primis in,Audi,S5,2010,2
985,duis bibendum felis sed interdum,Buick,Verano,2012,6
986,sed accumsan felis ut at,Land Rover,Range Rover,1986,4
987,hendrerit at vulputate vitae nisl aenean,Cadillac,CTS-V,2009,5
988,diam cras pellentesque volutpat dui maecenas tristique est,Subaru,Alcyone SVX,1995,7
989,rhoncus aliquam lacus morbi quis,Lincoln,Town Car,1985,1
990,vestibulum rutrum rutrum neque aenean auctor gravida sem praesent id,BMW,Z3,1997,3
991,a suscipit nulla elit ac nulla sed vel enim,Lamborghini,Diablo,1996,5
992,pretium nisl ut volutpat sapien arcu sed augue aliquam,Kia,Rio,2004,5
993,habitasse platea dictumst maecenas ut massa quis,Mercedes-Benz,M-Class,2004,5
994,id pretium iaculis diam erat fermentum,Hummer,H1,2002,4
995,nibh in quis justo maecenas,Mercedes-Benz,C-Class,2009,3
996,scelerisque quam turpis adipiscing lorem vitae mattis nibh ligula,Isuzu,Rodeo Sport,2001,4
997,tempus semper est quam pharetra magna ac consequat,Dodge,Viper,1995,4
998,nec euismod scelerisque quam turpis adipiscing lorem vitae,GMC,Suburban 2500,1998,6
999,velit id pretium iaculis diam erat fermentum,Alfa Romeo,164,1992,1
1000,in leo maecenas pulvinar lobortis,Toyota,RAV4,1998,6
